synthetic_clients,validator_count,threshold,proposal_type,byzantine_validators,dropout_rate,bandwidth_mbps,rtt_ms,trials,valid_finalization_rate,invalid_rejection_rate,invalid_acceptance_rate,timeout_rate,mean_finality_ms,p95_finality_ms,mean_available_validators,mean_messages_per_round,mean_committee_kb_per_round
10,5,3,valid,0,0.0,10.0,10.0,500,1.0,0.0,0.0,0.0,20.96221501292432,22.200585768339533,5,6,64.34358723958333
10,5,3,invalid,0,0.0,10.0,10.0,500,0.0,1.0,0.0,0.0,20.92117072538266,22.333413733463594,5,6,64.34358723958333
10,5,3,valid,2,0.0,10.0,10.0,500,1.0,0.0,0.0,0.0,20.958160528710742,22.16380649527516,5,6,64.34358723958333
10,5,3,invalid,2,0.0,10.0,10.0,500,0.0,1.0,0.0,0.0,21.94377046144585,22.866863499242676,5,6,64.34358723958333
10,5,3,valid,3,0.0,10.0,10.0,500,1.0,0.0,0.0,0.0,20.95101371198152,22.206494523273598,5,6,64.34358723958333
10,5,3,invalid,3,0.0,10.0,10.0,500,0.0,0.0,1.0,0.0,21.979644544468588,22.91023697729333,5,6,64.34358723958333
10,5,3,valid,0,0.1,10.0,10.0,500,0.992,0.0,0.0,0.008,37.030309130583376,22.519951675667112,4.5,5.5,57.909228515624996
10,5,3,invalid,0,0.1,10.0,10.0,500,0.0,0.992,0.0,0.008,36.9777910447145,22.509413178872904,4.502,5.502,57.934965950520834
10,5,3,valid,2,0.1,10.0,10.0,500,0.992,0.0,0.0,0.008,36.954169813134044,22.553677225393486,4.542,5.542,58.4497146484375
10,5,3,invalid,2,0.1,10.0,10.0,500,0.0,0.77,0.0,0.23,476.8829701144263,2000.0,4.552,5.552,58.57840182291667
10,5,3,valid,3,0.1,10.0,10.0,500,0.996,0.0,0.0,0.004,29.082258962266465,22.539002475139583,4.536,5.536,58.37250234375
10,5,3,invalid,3,0.1,10.0,10.0,500,0.0,0.0,0.69,0.31,635.1519600212,2000.0,4.47,5.47,57.5231669921875
10,5,3,valid,0,0.2,10.0,10.0,500,0.932,0.0,0.0,0.068,155.83865061080118,2000.0,3.936,4.936,50.651271875
10,5,3,invalid,0,0.2,10.0,10.0,500,0.0,0.942,0.0,0.058,136.08270733352288,2000.0,4.012,5.012,51.62929440104167
10,5,3,valid,2,0.2,10.0,10.0,500,0.94,0.0,0.0,0.06,140.0754919022999,2000.0,3.92,4.92,50.44537239583333
10,5,3,invalid,2,0.2,10.0,10.0,500,0.0,0.524,0.0,0.476,963.4963105607575,2000.0,4.014,5.014,51.6550318359375
10,5,3,valid,3,0.2,10.0,10.0,500,0.948,0.0,0.0,0.052,124.2612247158862,2000.0,3.994,4.994,51.39765748697917
10,5,3,invalid,3,0.2,10.0,10.0,500,0.0,0.0,0.492,0.508,1026.8303254109421,2000.0,3.986,4.986,51.29470774739583
10,5,3,valid,0,0.4,10.0,10.0,500,0.692,0.0,0.0,0.308,630.9594502811964,2000.0,2.98,3.98,38.34877799479167
10,5,3,invalid,0,0.4,10.0,10.0,500,0.0,0.688,0.0,0.312,638.8548719659484,2000.0,3.046,4.046,39.19811334635417
10,5,3,valid,2,0.4,10.0,10.0,500,0.684,0.0,0.0,0.316,646.7574450275115,2000.0,2.998,3.998,38.580414908854166
10,5,3,invalid,2,0.4,10.0,10.0,500,0.0,0.198,0.0,0.802,1608.3657115820674,2000.0,2.992,3.992,38.50320260416667
10,5,3,valid,3,0.4,10.0,10.0,500,0.668,0.0,0.0,0.332,678.4921119266666,2000.0,2.948,3.948,37.93697903645833
10,5,3,invalid,3,0.4,10.0,10.0,500,0.0,0.0,0.226,0.774,1552.9660637599472,2000.0,2.984,3.984,38.40025286458334
10,5,3,valid,0,0.0,10.0,50.0,500,1.0,0.0,0.0,0.0,61.0566376048213,66.89724094784725,5,6,64.34358723958333
10,5,3,invalid,0,0.0,10.0,50.0,500,0.0,1.0,0.0,0.0,61.07076881895098,67.14172293727796,5,6,64.34358723958333
10,5,3,valid,2,0.0,10.0,50.0,500,1.0,0.0,0.0,0.0,60.89375808078343,67.22670997699763,5,6,64.34358723958333
10,5,3,invalid,2,0.0,10.0,50.0,500,0.0,1.0,0.0,0.0,66.07287377330294,70.6091272831319,5,6,64.34358723958333
10,5,3,valid,3,0.0,10.0,50.0,500,1.0,0.0,0.0,0.0,60.90399870208066,66.58546006818557,5,6,64.34358723958333
10,5,3,invalid,3,0.0,10.0,50.0,500,0.0,0.0,1.0,0.0,66.1264695123765,70.59098314871727,5,6,64.34358723958333
10,5,3,valid,0,0.1,10.0,50.0,500,0.982,0.0,0.0,0.018,96.83432707894028,69.24563668969556,4.532,5.532,58.32102747395833
10,5,3,invalid,0,0.1,10.0,50.0,500,0.0,0.996,0.0,0.004,69.73305714783716,68.56789651476001,4.512,5.512,58.063653125
10,5,3,valid,2,0.1,10.0,50.0,500,0.986,0.0,0.0,0.014,89.319109200841,69.29516394861851,4.434,5.434,57.0598931640625
10,5,3,invalid,2,0.1,10.0,50.0,500,0.0,0.748,0.0,0.252,553.6244268895417,2000.0,4.514,5.514,58.08939055989583
10,5,3,valid,3,0.1,10.0,50.0,500,0.978,0.0,0.0,0.022,104.29845075940837,69.56160576428817,4.43,5.43,57.00841829427083
10,5,3,invalid,3,0.1,10.0,50.0,500,0.0,0.0,0.764,0.236,522.2998026664626,2000.0,4.506,5.506,57.986440820312495
10,5,3,valid,0,0.2,10.0,50.0,500,0.94,0.0,0.0,0.06,178.78362796813516,2000.0,3.986,4.986,51.29470774739583
10,5,3,invalid,0,0.2,10.0,50.0,500,0.0,0.946,0.0,0.054,167.69605966721818,2000.0,3.978,4.978,51.1917580078125
10,5,3,valid,2,0.2,10.0,50.0,500,0.938,0.0,0.0,0.062,182.6220201464603,2000.0,4.04,5.04,51.989618489583336
10,5,3,invalid,2,0.2,10.0,50.0,500,0.0,0.55,0.0,0.45,936.3951845237845,2000.0,4.05,5.05,52.118305664062504
10,5,3,valid,3,0.2,10.0,50.0,500,0.95,0.0,0.0,0.05,159.64775046382346,70.92043135108153,4.004,5.004,51.52634466145833
10,5,3,invalid,3,0.2,10.0,50.0,500,0.0,0.0,0.48,0.52,1071.6865761985675,2000.0,3.898,4.898,50.16226061197917
10,5,3,valid,0,0.4,10.0,50.0,500,0.682,0.0,0.0,0.318,680.0267270166509,2000.0,3.014,4.014,38.786314388020834
10,5,3,invalid,0,0.4,10.0,50.0,500,0.0,0.696,0.0,0.304,652.7617673190819,2000.0,3.028,4.028,38.96647643229167
10,5,3,valid,2,0.4,10.0,50.0,500,0.662,0.0,0.0,0.338,718.6682895451726,2000.0,3.008,4.008,38.709102083333335
10,5,3,invalid,2,0.4,10.0,50.0,500,0.0,0.214,0.0,0.786,1586.1256463485918,2000.0,2.98,3.98,38.34877799479167
10,5,3,valid,3,0.4,10.0,50.0,500,0.668,0.0,0.0,0.332,707.1177828589156,2000.0,2.974,3.974,38.27156569010417
10,5,3,invalid,3,0.4,10.0,50.0,500,0.0,0.0,0.206,0.794,1601.670087349669,2000.0,2.944,3.944,37.88550416666667
10,5,3,valid,0,0.0,10.0,100.0,500,1.0,0.0,0.0,0.0,111.1435872932539,123.72660177966608,5,6,64.34358723958333
10,5,3,invalid,0,0.0,10.0,100.0,500,0.0,1.0,0.0,0.0,110.95682538663584,123.78296437064719,5,6,64.34358723958333
10,5,3,valid,2,0.0,10.0,100.0,500,1.0,0.0,0.0,0.0,110.56820826762899,122.9525421795037,5,6,64.34358723958333
10,5,3,invalid,2,0.0,10.0,100.0,500,0.0,1.0,0.0,0.0,120.87063631880119,130.3632484924815,5,6,64.34358723958333
10,5,3,valid,3,0.0,10.0,100.0,500,1.0,0.0,0.0,0.0,111.0347565352328,123.26460683071213,5,6,64.34358723958333
10,5,3,invalid,3,0.0,10.0,100.0,500,0.0,0.0,1.0,0.0,120.82229578398271,130.19693632910437,5,6,64.34358723958333
10,5,3,valid,0,0.1,10.0,100.0,500,0.996,0.0,0.0,0.004,120.94994851107445,126.76885815709608,4.5,5.5,57.909228515624996
10,5,3,invalid,0,0.1,10.0,100.0,500,0.0,0.99,0.0,0.01,131.59105569416533,126.90200309946778,4.516,5.516,58.11512799479166
10,5,3,valid,2,0.1,10.0,100.0,500,0.992,0.0,0.0,0.008,127.7315338793791,126.34664867659689,4.486,5.486,57.729066471354166
10,5,3,invalid,2,0.1,10.0,100.0,500,0.0,0.704,0.0,0.296,677.0318108652891,2000.0,4.478,5.478,57.626116731770836
10,5,3,valid,3,0.1,10.0,100.0,500,0.992,0.0,0.0,0.008,127.85657411835872,127.39304795020807,4.496,5.496,57.857753645833334
10,5,3,invalid,3,0.1,10.0,100.0,500,0.0,0.0,0.72,0.28,647.0191599919527,2000.0,4.516,5.516,58.11512799479166
10,5,3,valid,0,0.2,10.0,100.0,500,0.944,0.0,0.0,0.056,220.47326081659585,2000.0,3.982,4.982,51.243232877604164
10,5,3,invalid,0,0.2,10.0,100.0,500,0.0,0.934,0.0,0.066,239.40943466578977,2000.0,3.978,4.978,51.1917580078125
10,5,3,valid,2,0.2,10.0,100.0,500,0.928,0.0,0.0,0.072,250.49864678683593,2000.0,4.016,5.016,51.68076927083333
10,5,3,invalid,2,0.2,10.0,100.0,500,0.0,0.536,0.0,0.464,992.5423035371371,2000.0,4.052,5.052,52.144043098958335
10,5,3,valid,3,0.2,10.0,100.0,500,0.94,0.0,0.0,0.06,228.6453314422313,2000.0,3.956,4.956,50.908646223958335
10,5,3,invalid,3,0.2,10.0,100.0,500,0.0,0.0,0.484,0.516,1090.6090730088506,2000.0,3.936,4.936,50.651271875
10,5,3,valid,0,0.4,10.0,100.0,500,0.702,0.0,0.0,0.298,678.7437924977263,2000.0,3.048,4.048,39.22385078125
10,5,3,invalid,0,0.4,10.0,100.0,500,0.0,0.69,0.0,0.31,701.5383581033644,2000.0,2.97,3.97,38.2200908203125
10,5,3,valid,2,0.4,10.0,100.0,500,0.668,0.0,0.0,0.332,742.2352019490978,2000.0,2.98,3.98,38.34877799479167
10,5,3,invalid,2,0.4,10.0,100.0,500,0.0,0.224,0.0,0.776,1579.2243624766222,2000.0,3.078,4.078,39.609912304687505
10,5,3,valid,3,0.4,10.0,100.0,500,0.666,0.0,0.0,0.334,746.4016426590837,2000.0,2.968,3.968,38.19435338541667
10,5,3,invalid,3,0.4,10.0,100.0,500,0.0,0.0,0.2,0.8,1624.2753721076917,2000.0,2.96,3.96,38.09140364583334
10,5,3,valid,0,0.0,100.0,10.0,500,1.0,0.0,0.0,0.0,11.491687783314521,12.687392930692635,5,6,64.34358723958333
10,5,3,invalid,0,0.0,100.0,10.0,500,0.0,1.0,0.0,0.0,11.480682200726788,12.696353251084515,5,6,64.34358723958333
10,5,3,valid,2,0.0,100.0,10.0,500,1.0,0.0,0.0,0.0,11.423848597599083,12.712139728590278,5,6,64.34358723958333
10,5,3,invalid,2,0.0,100.0,10.0,500,0.0,1.0,0.0,0.0,12.444242994727558,13.365171445344838,5,6,64.34358723958333
10,5,3,valid,3,0.0,100.0,10.0,500,1.0,0.0,0.0,0.0,11.500472924803974,12.738821019576044,5,6,64.34358723958333
10,5,3,invalid,3,0.0,100.0,10.0,500,0.0,0.0,1.0,0.0,12.547762570508269,13.39732433556317,5,6,64.34358723958333
10,5,3,valid,0,0.1,100.0,10.0,500,0.99,0.0,0.0,0.01,31.60016905666322,13.151592969083811,4.474,5.474,57.57464186197917
10,5,3,invalid,0,0.1,100.0,10.0,500,0.0,0.988,0.0,0.012,35.562535688230625,13.069035384819722,4.49,5.49,57.780541341145835
10,5,3,valid,2,0.1,100.0,10.0,500,0.994,0.0,0.0,0.006,23.639687609093453,12.933901448761125,4.496,5.496,57.857753645833334
10,5,3,invalid,2,0.1,100.0,10.0,500,0.0,0.76,0.0,0.24,489.5077914817338,2000.0,4.494,5.494,57.832016210937496
10,5,3,valid,3,0.1,100.0,10.0,500,0.994,0.0,0.0,0.006,23.65215042603239,13.058393534094403,4.512,5.512,58.063653125
10,5,3,invalid,3,0.1,100.0,10.0,500,0.0,0.0,0.74,0.26,529.1849226670793,2000.0,4.508,5.508,58.01217825520833
10,5,3,valid,0,0.2,100.0,10.0,500,0.934,0.0,0.0,0.066,143.12073010565172,2000.0,3.96,4.96,50.960121093750004
10,5,3,invalid,0,0.2,100.0,10.0,500,0.0,0.95,0.0,0.05,111.22787863374491,13.436309702439338,4.012,5.012,51.62929440104167
10,5,3,valid,2,0.2,100.0,10.0,500,0.94,0.0,0.0,0.06,131.2548383125445,2000.0,3.922,4.922,50.47110983072917
10,5,3,invalid,2,0.2,100.0,10.0,500,0.0,0.516,0.0,0.484,974.4298163663319,2000.0,3.988,4.988,51.320445182291664
10,5,3,valid,3,0.2,100.0,10.0,500,0.922,0.0,0.0,0.078,166.92031284892238,2000.0,3.954,4.954,50.8829087890625
10,5,3,invalid,3,0.2,100.0,10.0,500,0.0,0.0,0.528,0.472,950.5764687809237,2000.0,4.01,5.01,51.60355696614583
10,5,3,valid,0,0.4,100.0,10.0,500,0.682,0.0,0.0,0.318,644.2714469259948,2000.0,2.964,3.964,38.142878515625
10,5,3,invalid,0,0.4,100.0,10.0,500,0.0,0.69,0.0,0.31,628.3969808899708,2000.0,3.008,4.008,38.709102083333335
10,5,3,valid,2,0.4,100.0,10.0,500,0.646,0.0,0.0,0.354,715.8668659953856,2000.0,2.932,3.932,37.73107955729167
10,5,3,invalid,2,0.4,100.0,10.0,500,0.0,0.21,0.0,0.79,1582.6156995551032,2000.0,3.07,4.07,39.50696256510417
10,5,3,valid,3,0.4,100.0,10.0,500,0.686,0.0,0.0,0.314,636.2693875982577,2000.0,3.014,4.014,38.786314388020834
10,5,3,invalid,3,0.4,100.0,10.0,500,0.0,0.0,0.23,0.77,1542.8609111718838,2000.0,3.028,4.028,38.96647643229167
10,5,3,valid,0,0.0,100.0,50.0,500,1.0,0.0,0.0,0.0,51.69584662459417,57.30572555586719,5,6,64.34358723958333
10,5,3,invalid,0,0.0,100.0,50.0,500,0.0,1.0,0.0,0.0,51.43909164308735,57.96444065866923,5,6,64.34358723958333
10,5,3,valid,2,0.0,100.0,50.0,500,1.0,0.0,0.0,0.0,51.47505073383765,57.21990969680547,5,6,64.34358723958333
10,5,3,invalid,2,0.0,100.0,50.0,500,0.0,1.0,0.0,0.0,56.46687954030122,61.042268192763586,5,6,64.34358723958333
10,5,3,valid,3,0.0,100.0,50.0,500,1.0,0.0,0.0,0.0,51.29025154110196,57.637347978858514,5,6,64.34358723958333
10,5,3,invalid,3,0.0,100.0,50.0,500,0.0,0.0,1.0,0.0,56.53039640922062,61.10972980537912,5,6,64.34358723958333
10,5,3,valid,0,0.1,100.0,50.0,500,0.998,0.0,0.0,0.002,56.39061726183403,59.29796785062574,4.566,5.566,58.7585638671875
10,5,3,invalid,0,0.1,100.0,50.0,500,0.0,0.984,0.0,0.016,83.7853738079419,59.87789838598344,4.448,5.448,57.24005520833333
10,5,3,valid,2,0.1,100.0,50.0,500,0.984,0.0,0.0,0.016,84.05920411618732,60.263188759687225,4.4,5.4,56.622356770833335
10,5,3,invalid,2,0.1,100.0,50.0,500,0.0,0.71,0.0,0.29,620.2994271567471,2000.0,4.45,5.45,57.26579264322917
10,5,3,valid,3,0.1,100.0,50.0,500,0.994,0.0,0.0,0.006,64.31786473658958,59.02363071848501,4.532,5.532,58.32102747395833
10,5,3,invalid,3,0.1,100.0,50.0,500,0.0,0.0,0.69,0.31,659.0833690709256,2000.0,4.484,5.484,57.703329036458335
10,5,3,valid,0,0.2,100.0,50.0,500,0.938,0.0,0.0,0.062,174.1353059608257,2000.0,3.98,4.98,51.21749544270833
10,5,3,invalid,0,0.2,100.0,50.0,500,0.0,0.95,0.0,0.05,150.80499249490563,61.24847008284537,3.944,4.944,50.75422161458334
10,5,3,valid,2,0.2,100.0,50.0,500,0.926,0.0,0.0,0.074,197.24016204995115,2000.0,4.03,5.03,51.86093131510417
10,5,3,invalid,2,0.2,100.0,50.0,500,0.0,0.506,0.0,0.494,1016.6360491365843,2000.0,3.97,4.97,51.088808268229165
10,5,3,valid,3,0.2,100.0,50.0,500,0.936,0.0,0.0,0.064,178.1941797189264,2000.0,3.978,4.978,51.1917580078125
10,5,3,invalid,3,0.2,100.0,50.0,500,0.0,0.0,0.522,0.478,985.4158682670803,2000.0,4.038,5.038,51.9638810546875
10,5,3,valid,0,0.4,100.0,50.0,500,0.678,0.0,0.0,0.322,680.9776204962791,2000.0,2.946,3.946,37.9112416015625
10,5,3,invalid,0,0.4,100.0,50.0,500,0.0,0.684,0.0,0.316,669.7139543304985,2000.0,2.972,3.972,38.24582825520834
10,5,3,valid,2,0.4,100.0,50.0,500,0.698,0.0,0.0,0.302,642.6434508403074,2000.0,2.952,3.952,37.98845390625
10,5,3,invalid,2,0.4,100.0,50.0,500,0.0,0.228,0.0,0.772,1556.9120155698488,2000.0,2.998,3.998,38.580414908854166
10,5,3,valid,3,0.4,100.0,50.0,500,0.662,0.0,0.0,0.338,712.6140752104618,2000.0,2.914,3.914,37.499442643229166
10,5,3,invalid,3,0.4,100.0,50.0,500,0.0,0.0,0.242,0.758,1529.830051132526,2000.0,3.072,4.072,39.532700000000006
10,5,3,valid,0,0.0,100.0,100.0,500,1.0,0.0,0.0,0.0,100.56931180088863,112.96516114616824,5,6,64.34358723958333
10,5,3,invalid,0,0.0,100.0,100.0,500,0.0,1.0,0.0,0.0,101.72880290105667,114.7316358389009,5,6,64.34358723958333
10,5,3,valid,2,0.0,100.0,100.0,500,1.0,0.0,0.0,0.0,101.11816243942116,113.71651666765126,5,6,64.34358723958333
10,5,3,invalid,2,0.0,100.0,100.0,500,0.0,1.0,0.0,0.0,111.32583520166467,120.87344649961145,5,6,64.34358723958333
10,5,3,valid,3,0.0,100.0,100.0,500,1.0,0.0,0.0,0.0,101.55145202303356,113.81931774263599,5,6,64.34358723958333
10,5,3,invalid,3,0.0,100.0,100.0,500,0.0,0.0,1.0,0.0,110.81301878824821,120.53333593594934,5,6,64.34358723958333
10,5,3,valid,0,0.1,100.0,100.0,500,0.996,0.0,0.0,0.004,111.04330199822328,117.17770368820413,4.51,5.51,58.037915690104164
10,5,3,invalid,0,0.1,100.0,100.0,500,0.0,0.986,0.0,0.014,129.78759920969674,117.75267726947399,4.472,5.472,57.54890442708333
10,5,3,valid,2,0.1,100.0,100.0,500,0.992,0.0,0.0,0.008,118.19368601509446,117.3727477591597,4.498,5.498,57.883491080729165
10,5,3,invalid,2,0.1,100.0,100.0,500,0.0,0.726,0.0,0.274,629.1058902777211,2000.0,4.498,5.498,57.883491080729165
10,5,3,valid,3,0.1,100.0,100.0,500,0.99,0.0,0.0,0.01,122.3305346681592,117.33461212159844,4.508,5.508,58.01217825520833
10,5,3,invalid,3,0.1,100.0,100.0,500,0.0,0.0,0.732,0.268,617.6346049788715,2000.0,4.536,5.536,58.37250234375
10,5,3,valid,0,0.2,100.0,100.0,500,0.94,0.0,0.0,0.06,218.72055721657296,2000.0,4.044,5.044,52.041093359375
10,5,3,invalid,0,0.2,100.0,100.0,500,0.0,0.934,0.0,0.066,229.983923889166,2000.0,3.972,4.972,51.114545703125
10,5,3,valid,2,0.2,100.0,100.0,500,0.95,0.0,0.0,0.05,199.86467500809607,121.43528048672553,3.966,4.966,51.037333398437504
10,5,3,invalid,2,0.2,100.0,100.0,500,0.0,0.512,0.0,0.488,1032.8770211522176,2000.0,3.98,4.98,51.21749544270833
10,5,3,valid,3,0.2,100.0,100.0,500,0.934,0.0,0.0,0.066,230.26960781994552,2000.0,3.996,4.996,51.423394921875
10,5,3,invalid,3,0.2,100.0,100.0,500,0.0,0.0,0.48,0.52,1093.7771328101624,2000.0,4.04,5.04,51.989618489583336
10,5,3,valid,0,0.4,100.0,100.0,500,0.686,0.0,0.0,0.314,701.4185261675291,2000.0,3.034,4.034,39.04368873697917
10,5,3,invalid,0,0.4,100.0,100.0,500,0.0,0.64,0.0,0.36,789.3161157837764,2000.0,2.876,3.876,37.01043138020834
10,5,3,valid,2,0.4,100.0,100.0,500,0.698,0.0,0.0,0.302,679.3040124516276,2000.0,3.034,4.034,39.04368873697917
10,5,3,invalid,2,0.4,100.0,100.0,500,0.0,0.218,0.0,0.782,1588.4723797760885,2000.0,2.958,3.958,38.0656662109375
10,5,3,valid,3,0.4,100.0,100.0,500,0.658,0.0,0.0,0.342,755.3074328857148,2000.0,2.958,3.958,38.0656662109375
10,5,3,invalid,3,0.4,100.0,100.0,500,0.0,0.0,0.214,0.786,1596.0062062599254,2000.0,3.062,4.062,39.40401282552084
10,11,7,valid,0,0.0,10.0,10.0,500,1.0,0.0,0.0,0.0,21.214000959910454,22.05643136754827,11,12,140.7462890625
10,11,7,invalid,0,0.0,10.0,10.0,500,0.0,1.0,0.0,0.0,21.225474826838337,22.062347173457546,11,12,140.7462890625
10,11,7,valid,6,0.0,10.0,10.0,500,1.0,0.0,0.0,0.0,21.226962135936343,22.093728348371037,11,12,140.7462890625
10,11,7,invalid,6,0.0,10.0,10.0,500,0.0,0.0,0.0,1.0,2000.0,2000.0,11,12,140.7462890625
10,11,7,valid,7,0.0,10.0,10.0,500,1.0,0.0,0.0,0.0,21.221659950343504,22.069455681586692,11,12,140.7462890625
10,11,7,invalid,7,0.0,10.0,10.0,500,0.0,0.0,1.0,0.0,22.396756027281246,22.857872244778477,11,12,140.7462890625
10,11,7,valid,0,0.1,10.0,10.0,500,1.0,0.0,0.0,0.0,21.500543460277047,22.40036611120366,9.884,10.884,126.46693828125001
10,11,7,invalid,0,0.1,10.0,10.0,500,0.0,0.998,0.0,0.002,25.429249465609495,22.419471182430115,9.886,10.886,126.49252851562501
10,11,7,valid,6,0.1,10.0,10.0,500,0.998,0.0,0.0,0.002,25.42385005829021,22.489565440391676,9.914,10.914,126.850791796875
10,11,7,invalid,6,0.1,10.0,10.0,500,0.0,0.0,0.0,1.0,2000.0,2000.0,9.928,10.928,127.0299234375
10,11,7,valid,7,0.1,10.0,10.0,500,1.0,0.0,0.0,0.0,21.504586251821134,22.40990181338675,9.918,10.918,126.901972265625
10,11,7,invalid,7,0.1,10.0,10.0,500,0.0,0.0,0.462,0.538,1086.3343809030737,2000.0,9.846,10.846,125.98072382812501
10,11,7,valid,0,0.2,10.0,10.0,500,0.958,0.0,0.0,0.042,104.83369711522593,22.879661525783032,8.85,9.85,113.236787109375
10,11,7,invalid,0,0.2,10.0,10.0,500,0.0,0.954,0.0,0.046,112.73126235064377,22.839504779845345,8.89,9.89,113.748591796875
10,11,7,valid,6,0.2,10.0,10.0,500,0.946,0.0,0.0,0.054,128.53987991011903,2000.0,8.826,9.826,112.929704296875
10,11,7,invalid,6,0.2,10.0,10.0,500,0.0,0.0,0.0,1.0,2000.0,2000.0,8.748,9.748,111.93168515625
10,11,7,valid,7,0.2,10.0,10.0,500,0.962,0.0,0.0,0.038,96.91001384420035,22.814903230002937,8.852,9.852,113.26237734375
10,11,7,invalid,7,0.2,10.0,10.0,500,0.0,0.0,0.196,0.804,1612.3935888269589,2000.0,8.738,9.738,111.803733984375
10,11,7,valid,0,0.4,10.0,10.0,500,0.572,0.0,0.0,0.428,868.6116507521937,2000.0,6.754,7.754,86.41822148437501
10,11,7,invalid,0,0.4,10.0,10.0,500,0.0,0.538,0.0,0.462,935.8923777567632,2000.0,6.604,7.604,84.49895390625001
10,11,7,valid,6,0.4,10.0,10.0,500,0.528,0.0,0.0,0.472,955.6549667513046,2000.0,6.63,7.63,84.83162695312501
10,11,7,invalid,6,0.4,10.0,10.0,500,0.0,0.0,0.0,1.0,2000.0,2000.0,6.544,7.544,83.73124687500001
10,11,7,valid,7,0.4,10.0,10.0,500,0.534,0.0,0.0,0.466,943.7980974724803,2000.0,6.626,7.626,84.780446484375
10,11,7,invalid,7,0.4,10.0,10.0,500,0.0,0.0,0.018,0.982,1964.4006887678222,2000.0,6.526,7.526,83.500934765625
10,11,7,valid,0,0.0,10.0,50.0,500,1.0,0.0,0.0,0.0,62.41023652365423,66.84049968894188,11,12,140.7462890625
10,11,7,invalid,0,0.0,10.0,50.0,500,0.0,1.0,0.0,0.0,62.664102035720724,66.75245851971643,11,12,140.7462890625
10,11,7,valid,6,0.0,10.0,50.0,500,1.0,0.0,0.0,0.0,62.51708993081145,67.04401064789738,11,12,140.7462890625
10,11,7,invalid,6,0.0,10.0,50.0,500,0.0,0.0,0.0,1.0,2000.0,2000.0,11,12,140.7462890625
10,11,7,valid,7,0.0,10.0,50.0,500,1.0,0.0,0.0,0.0,62.50217396069128,67.02934754583616,11,12,140.7462890625
10,11,7,invalid,7,0.0,10.0,50.0,500,0.0,0.0,1.0,0.0,68.21921934338447,70.73712573824221,11,12,140.7462890625
10,11,7,valid,0,0.1,10.0,50.0,500,1.0,0.0,0.0,0.0,63.90491626252618,68.74781066527868,9.928,10.928,127.0299234375
10,11,7,invalid,0,0.1,10.0,50.0,500,0.0,0.998,0.0,0.002,67.62636918012367,68.42176570152515,9.896,10.896,126.62047968750001
10,11,7,valid,6,0.1,10.0,50.0,500,0.992,0.0,0.0,0.008,79.56198575701568,68.70941592380134,9.816,10.816,125.5968703125
10,11,7,invalid,6,0.1,10.0,50.0,500,0.0,0.0,0.0,1.0,2000.0,2000.0,9.862,10.862,126.185445703125
10,11,7,valid,7,0.1,10.0,50.0,500,0.996,0.0,0.0,0.004,71.66495311615847,69.07550268190819,9.774,10.774,125.05947539062501
10,11,7,invalid,7,0.1,10.0,50.0,500,0.0,0.0,0.464,0.536,1103.6921683139635,2000.0,9.858,10.858,126.13426523437501
10,11,7,valid,0,0.2,10.0,50.0,500,0.94,0.0,0.0,0.06,181.2964749229318,2000.0,8.728,9.728,111.6757828125
10,11,7,invalid,0,0.2,10.0,50.0,500,0.0,0.964,0.0,0.036,134.6709801601085,70.23022678279155,8.92,9.92,114.13244531250001
10,11,7,valid,6,0.2,10.0,50.0,500,0.94,0.0,0.0,0.06,181.2380457789024,2000.0,8.786,9.786,112.417899609375
10,11,7,invalid,6,0.2,10.0,50.0,500,0.0,0.0,0.0,1.0,2000.0,2000.0,8.824,9.824,112.9041140625
10,11,7,valid,7,0.2,10.0,50.0,500,0.948,0.0,0.0,0.052,165.66195582020094,2000.0,8.83,9.83,112.980884765625
10,11,7,invalid,7,0.2,10.0,50.0,500,0.0,0.0,0.198,0.802,1617.480056372123,2000.0,8.866,9.866,113.441508984375
10,11,7,valid,0,0.4,10.0,50.0,500,0.518,0.0,0.0,0.482,998.7979070420072,2000.0,6.536,7.536,83.6288859375
10,11,7,invalid,0,0.4,10.0,50.0,500,0.0,0.546,0.0,0.454,944.5312788272402,2000.0,6.668,7.668,85.31784140625001
10,11,7,valid,6,0.4,10.0,50.0,500,0.534,0.0,0.0,0.466,967.7925788075122,2000.0,6.578,7.578,84.16628085937501
10,11,7,invalid,6,0.4,10.0,50.0,500,0.0,0.0,0.0,1.0,2000.0,2000.0,6.736,7.736,86.187909375
10,11,7,valid,7,0.4,10.0,50.0,500,0.546,0.0,0.0,0.454,944.445098622429,2000.0,6.644,7.644,85.01075859375001
10,11,7,invalid,7,0.4,10.0,50.0,500,0.0,0.0,0.03,0.97,1942.0479116694196,2000.0,6.634,7.634,84.882807421875
10,11,7,valid,0,0.0,10.0,100.0,500,1.0,0.0,0.0,0.0,113.78428415209602,122.17462084935582,11,12,140.7462890625
10,11,7,invalid,0,0.0,10.0,100.0,500,0.0,1.0,0.0,0.0,114.29056930834285,122.8655540567521,11,12,140.7462890625
10,11,7,valid,6,0.0,10.0,100.0,500,1.0,0.0,0.0,0.0,113.79573683717038,122.7048409741079,11,12,140.7462890625
10,11,7,invalid,6,0.0,10.0,100.0,500,0.0,0.0,0.0,1.0,2000.0,2000.0,11,12,140.7462890625
10,11,7,valid,7,0.0,10.0,100.0,500,1.0,0.0,0.0,0.0,114.28892969147296,123.03292141873968,11,12,140.7462890625
10,11,7,invalid,7,0.0,10.0,100.0,500,0.0,0.0,1.0,0.0,126.14178689706581,130.56706909819405,11,12,140.7462890625
10,11,7,valid,0,0.1,10.0,100.0,500,1.0,0.0,0.0,0.0,116.67069411886509,125.78368425086961,9.888,10.888,126.51811875
10,11,7,invalid,0,0.1,10.0,100.0,500,0.0,0.998,0.0,0.002,120.6724029518323,126.8209038832764,9.85,10.85,126.031904296875
10,11,7,valid,6,0.1,10.0,100.0,500,1.0,0.0,0.0,0.0,116.4721757607283,126.19172853138014,9.912,10.912,126.8252015625
10,11,7,invalid,6,0.1,10.0,100.0,500,0.0,0.0,0.0,1.0,2000.0,2000.0,9.834,10.834,125.82718242187501
10,11,7,valid,7,0.1,10.0,100.0,500,1.0,0.0,0.0,0.0,116.92055029442612,126.48171623231934,9.896,10.896,126.62047968750001
10,11,7,invalid,7,0.1,10.0,100.0,500,0.0,0.0,0.528,0.472,1010.2908438637279,2000.0,9.996,10.996,127.89999140625001
10,11,7,valid,0,0.2,10.0,100.0,500,0.95,0.0,0.0,0.05,213.26219738895932,130.74597471975235,8.744,9.744,111.88050468750001
10,11,7,invalid,0,0.2,10.0,100.0,500,0.0,0.956,0.0,0.044,202.12545877571816,130.66983917222632,8.846,9.846,113.18560664062501
10,11,7,valid,6,0.2,10.0,100.0,500,0.944,0.0,0.0,0.056,224.88752763377857,2000.0,8.762,9.762,112.110816796875
10,11,7,invalid,6,0.2,10.0,100.0,500,0.0,0.0,0.0,1.0,2000.0,2000.0,8.76,9.76,112.08522656250001
10,11,7,valid,7,0.2,10.0,100.0,500,0.94,0.0,0.0,0.06,232.307272897256,2000.0,8.816,9.816,112.801753125
10,11,7,invalid,7,0.2,10.0,100.0,500,0.0,0.0,0.174,0.826,1673.9373940961104,2000.0,8.722,9.722,111.59901210937501
10,11,7,valid,0,0.4,10.0,100.0,500,0.508,0.0,0.0,0.492,1046.2849053412453,2000.0,6.482,7.482,82.93794960937501
10,11,7,invalid,0,0.4,10.0,100.0,500,0.0,0.554,0.0,0.446,959.9641879626089,2000.0,6.728,7.728,86.08554843750001
10,11,7,valid,6,0.4,10.0,100.0,500,0.52,0.0,0.0,0.48,1023.9940048104668,2000.0,6.582,7.582,84.21746132812501
10,11,7,invalid,6,0.4,10.0,100.0,500,0.0,0.0,0.0,1.0,2000.0,2000.0,6.65,7.65,85.087529296875
10,11,7,valid,7,0.4,10.0,100.0,500,0.528,0.0,0.0,0.472,1009.0989905944308,2000.0,6.522,7.522,83.449754296875
10,11,7,invalid,7,0.4,10.0,100.0,500,0.0,0.0,0.024,0.976,1955.0188125952552,2000.0,6.528,7.528,83.526525
10,11,7,valid,0,0.0,100.0,10.0,500,1.0,0.0,0.0,0.0,11.78788457691104,12.593742158745487,11,12,140.7462890625
10,11,7,invalid,0,0.0,100.0,10.0,500,0.0,1.0,0.0,0.0,11.803047742714085,12.632083462339189,11,12,140.7462890625
10,11,7,valid,6,0.0,100.0,10.0,500,1.0,0.0,0.0,0.0,11.800584286502534,12.620709818605356,11,12,140.7462890625
10,11,7,invalid,6,0.0,100.0,10.0,500,0.0,0.0,0.0,1.0,2000.0,2000.0,11,12,140.7462890625
10,11,7,valid,7,0.0,100.0,10.0,500,1.0,0.0,0.0,0.0,11.78819691262807,12.693257759979204,11,12,140.7462890625
10,11,7,invalid,7,0.0,100.0,10.0,500,0.0,0.0,1.0,0.0,12.970240518642417,13.42809484638174,11,12,140.7462890625
10,11,7,valid,0,0.1,100.0,10.0,500,0.998,0.0,0.0,0.002,16.023125149568767,13.019956983863047,9.884,10.884,126.46693828125001
10,11,7,invalid,0,0.1,100.0,10.0,500,0.0,0.998,0.0,0.002,16.087833542498792,13.134260743461102,9.844,10.844,125.95513359375
10,11,7,valid,6,0.1,100.0,10.0,500,0.998,0.0,0.0,0.002,16.02792481314815,13.021743244153033,9.86,10.86,126.15985546875001
10,11,7,invalid,6,0.1,100.0,10.0,500,0.0,0.0,0.0,1.0,2000.0,2000.0,9.87,10.87,126.287806640625
10,11,7,valid,7,0.1,100.0,10.0,500,0.996,0.0,0.0,0.004,20.013976251876116,13.004422781559962,9.916,10.916,126.87638203125
10,11,7,invalid,7,0.1,100.0,10.0,500,0.0,0.0,0.524,0.476,958.7603903731477,2000.0,9.978,10.978,127.669679296875
10,11,7,valid,0,0.2,100.0,10.0,500,0.95,0.0,0.0,0.05,111.71094680115979,13.447709404189123,8.766,9.766,112.161997265625
10,11,7,invalid,0,0.2,100.0,10.0,500,0.0,0.95,0.0,0.05,111.680038128579,13.48990264896026,8.838,9.838,113.083245703125
10,11,7,valid,6,0.2,100.0,10.0,500,0.958,0.0,0.0,0.042,95.82724553606987,13.42498066172011,8.83,9.83,112.980884765625
10,11,7,invalid,6,0.2,100.0,10.0,500,0.0,0.0,0.0,1.0,2000.0,2000.0,8.82,9.82,112.85293359375001
10,11,7,valid,7,0.2,100.0,10.0,500,0.948,0.0,0.0,0.052,115.61561152560971,2000.0,8.81,9.81,112.724982421875
10,11,7,invalid,7,0.2,100.0,10.0,500,0.0,0.0,0.192,0.808,1618.4842172362717,2000.0,8.78,9.78,112.34112890625
10,11,7,valid,0,0.4,100.0,10.0,500,0.578,0.0,0.0,0.422,851.3298971477494,2000.0,6.696,7.696,85.6761046875
10,11,7,invalid,0,0.4,100.0,10.0,500,0.0,0.532,0.0,0.468,942.6900862867757,2000.0,6.61,7.61,84.575724609375
10,11,7,valid,6,0.4,100.0,10.0,500,0.506,0.0,0.0,0.494,994.4188394012306,2000.0,6.514,7.514,83.347393359375
10,11,7,invalid,6,0.4,100.0,10.0,500,0.0,0.0,0.0,1.0,2000.0,2000.0,6.632,7.632,84.85721718750001
10,11,7,valid,7,0.4,100.0,10.0,500,0.546,0.0,0.0,0.454,914.9029440115497,2000.0,6.622,7.622,84.729266015625
10,11,7,invalid,7,0.4,100.0,10.0,500,0.0,0.0,0.028,0.972,1944.3644181093284,2000.0,6.454,7.454,82.579686328125
10,11,7,valid,0,0.0,100.0,50.0,500,1.0,0.0,0.0,0.0,53.30710866550647,57.78761075977804,11,12,140.7462890625
10,11,7,invalid,0,0.0,100.0,50.0,500,0.0,1.0,0.0,0.0,53.092284207953846,57.654123295382895,11,12,140.7462890625
10,11,7,valid,6,0.0,100.0,50.0,500,1.0,0.0,0.0,0.0,52.983068108058575,57.536470236028066,11,12,140.7462890625
10,11,7,invalid,6,0.0,100.0,50.0,500,0.0,0.0,0.0,1.0,2000.0,2000.0,11,12,140.7462890625
10,11,7,valid,7,0.0,100.0,50.0,500,1.0,0.0,0.0,0.0,53.01581047520117,57.18546023080849,11,12,140.7462890625
10,11,7,invalid,7,0.0,100.0,50.0,500,0.0,0.0,1.0,0.0,58.85858364282989,61.356202003371514,11,12,140.7462890625
10,11,7,valid,0,0.1,100.0,50.0,500,0.994,0.0,0.0,0.006,65.98253878133215,59.25369427744776,9.862,10.862,126.185445703125
10,11,7,invalid,0,0.1,100.0,50.0,500,0.0,0.992,0.0,0.008,69.80068365601974,59.267690567164344,9.866,10.866,126.236626171875
10,11,7,valid,6,0.1,100.0,50.0,500,0.996,0.0,0.0,0.004,62.39318037911693,59.37974750871362,9.866,10.866,126.236626171875
10,11,7,invalid,6,0.1,100.0,50.0,500,0.0,0.0,0.0,1.0,2000.0,2000.0,9.904,10.904,126.722840625
10,11,7,valid,7,0.1,100.0,50.0,500,0.998,0.0,0.0,0.002,58.35308446249915,59.140438133296335,9.878,10.878,126.390167578125
10,11,7,invalid,7,0.1,100.0,50.0,500,0.0,0.0,0.526,0.474,979.0420483399167,2000.0,9.946,10.946,127.26023554687501
10,11,7,valid,0,0.2,100.0,50.0,500,0.96,0.0,0.0,0.04,133.42108296506407,61.09624151743957,8.862,9.862,113.390328515625
10,11,7,invalid,0,0.2,100.0,50.0,500,0.0,0.95,0.0,0.05,152.96657480380983,61.48820235500118,8.744,9.744,111.88050468750001
10,11,7,valid,6,0.2,100.0,50.0,500,0.94,0.0,0.0,0.06,172.10899795107267,2000.0,8.826,9.826,112.929704296875
10,11,7,invalid,6,0.2,100.0,50.0,500,0.0,0.0,0.0,1.0,2000.0,2000.0,8.818,9.818,112.827343359375
10,11,7,valid,7,0.2,100.0,50.0,500,0.952,0.0,0.0,0.048,149.2800397252374,61.348906589185184,8.738,9.738,111.803733984375
10,11,7,invalid,7,0.2,100.0,50.0,500,0.0,0.0,0.214,0.786,1584.6228314960863,2000.0,8.784,9.784,112.39230937500001
10,11,7,valid,0,0.4,100.0,50.0,500,0.522,0.0,0.0,0.478,986.1269631818005,2000.0,6.582,7.582,84.21746132812501
10,11,7,invalid,0,0.4,100.0,50.0,500,0.0,0.544,0.0,0.456,943.1673030563869,2000.0,6.6,7.6,84.4477734375
10,11,7,valid,6,0.4,100.0,50.0,500,0.518,0.0,0.0,0.482,993.7609304182973,2000.0,6.526,7.526,83.500934765625
10,11,7,invalid,6,0.4,100.0,50.0,500,0.0,0.0,0.0,1.0,2000.0,2000.0,6.638,7.638,84.933987890625
10,11,7,valid,7,0.4,100.0,50.0,500,0.54,0.0,0.0,0.46,951.0858189902235,2000.0,6.64,7.64,84.95957812500001
10,11,7,invalid,7,0.4,100.0,50.0,500,0.0,0.0,0.034,0.966,1933.9960296718689,2000.0,6.584,7.584,84.2430515625
10,11,7,valid,0,0.0,100.0,100.0,500,1.0,0.0,0.0,0.0,105.27513218243266,114.15830466800081,11,12,140.7462890625
10,11,7,invalid,0,0.0,100.0,100.0,500,0.0,1.0,0.0,0.0,104.6346706301526,112.91782865372078,11,12,140.7462890625
10,11,7,valid,6,0.0,100.0,100.0,500,1.0,0.0,0.0,0.0,104.7435099531047,113.75416354161108,11,12,140.7462890625
10,11,7,invalid,6,0.0,100.0,100.0,500,0.0,0.0,0.0,1.0,2000.0,2000.0,11,12,140.7462890625
10,11,7,valid,7,0.0,100.0,100.0,500,1.0,0.0,0.0,0.0,104.85382289220286,113.34005204310007,11,12,140.7462890625
10,11,7,invalid,7,0.0,100.0,100.0,500,0.0,0.0,1.0,0.0,116.60333362557849,121.20436797182731,11,12,140.7462890625
10,11,7,valid,0,0.1,100.0,100.0,500,0.994,0.0,0.0,0.006,117.93572403102542,115.91512521042544,9.938,10.938,127.157874609375
10,11,7,invalid,0,0.1,100.0,100.0,500,0.0,0.994,0.0,0.006,118.80360325800999,117.00965332387108,9.836,10.836,125.85277265625001
10,11,7,valid,6,0.1,100.0,100.0,500,0.996,0.0,0.0,0.004,114.7171447137626,117.00209160798299,9.834,10.834,125.82718242187501
10,11,7,invalid,6,0.1,100.0,100.0,500,0.0,0.0,0.0,1.0,2000.0,2000.0,9.96,10.96,127.43936718750001
10,11,7,valid,7,0.1,100.0,100.0,500,0.996,0.0,0.0,0.004,114.98887314271998,116.73758710705377,9.874,10.874,126.338987109375
10,11,7,invalid,7,0.1,100.0,100.0,500,0.0,0.0,0.458,0.542,1137.3538894002488,2000.0,9.906,10.906,126.748430859375
10,11,7,valid,0,0.2,100.0,100.0,500,0.954,0.0,0.0,0.046,197.0242210486365,121.05176069911379,8.772,9.772,112.23876796875001
10,11,7,invalid,0,0.2,100.0,100.0,500,0.0,0.966,0.0,0.034,173.73273811248157,120.5741682805531,8.842,9.842,113.134426171875
10,11,7,valid,6,0.2,100.0,100.0,500,0.952,0.0,0.0,0.048,201.08738781793585,121.37271891215279,8.736,9.736,111.77814375
10,11,7,invalid,6,0.2,100.0,100.0,500,0.0,0.0,0.0,1.0,2000.0,2000.0,8.846,9.846,113.18560664062501
10,11,7,valid,7,0.2,100.0,100.0,500,0.942,0.0,0.0,0.058,219.53243305491148,2000.0,8.758,9.758,112.05963632812501
10,11,7,invalid,7,0.2,100.0,100.0,500,0.0,0.0,0.19,0.81,1642.1058733529512,2000.0,8.76,9.76,112.0852265625
10,11,7,valid,0,0.4,100.0,100.0,500,0.564,0.0,0.0,0.436,936.0564466353208,2000.0,6.666,7.666,85.29225117187501
10,11,7,invalid,0,0.4,100.0,100.0,500,0.0,0.522,0.0,0.478,1015.4879755230185,2000.0,6.598,7.598,84.422183203125
10,11,7,valid,6,0.4,100.0,100.0,500,0.49,0.0,0.0,0.51,1075.557766411225,2000.0,6.504,7.504,83.21944218750001
10,11,7,invalid,6,0.4,100.0,100.0,500,0.0,0.0,0.0,1.0,2000.0,2000.0,6.494,7.494,83.09149101562501
10,11,7,valid,7,0.4,100.0,100.0,500,0.534,0.0,0.0,0.466,992.7628902301203,2000.0,6.584,7.584,84.2430515625
10,11,7,invalid,7,0.4,100.0,100.0,500,0.0,0.0,0.032,0.968,1939.7226292328107,2000.0,6.75,7.75,86.367041015625
100,5,3,valid,0,0.0,10.0,10.0,500,1.0,0.0,0.0,0.0,105.9281725396625,107.12458352411583,5,6,563.4357747395834
100,5,3,invalid,0,0.0,10.0,10.0,500,0.0,1.0,0.0,0.0,105.90976147908654,107.15279499690463,5,6,563.4357747395834
100,5,3,valid,2,0.0,10.0,10.0,500,1.0,0.0,0.0,0.0,105.83384707751287,107.04484290082739,5,6,563.4357747395834
100,5,3,invalid,2,0.0,10.0,10.0,500,0.0,1.0,0.0,0.0,106.896437419699,108.06554669512084,5,6,563.4357747395834
100,5,3,valid,3,0.0,10.0,10.0,500,1.0,0.0,0.0,0.0,105.93329546138857,107.18687215666588,5,6,563.4357747395834
100,5,3,invalid,3,0.0,10.0,10.0,500,0.0,0.0,1.0,0.0,106.90350197628887,108.03891097945062,5,6,563.4357747395834
100,5,3,valid,0,0.1,10.0,10.0,500,0.996,0.0,0.0,0.004,113.68803982035375,107.4775014470363,4.508,5.508,507.99369450520834
100,5,3,invalid,0,0.1,10.0,10.0,500,0.0,0.988,0.0,0.012,128.86634651940963,107.58364962749769,4.52,5.52,509.3459403645834
100,5,3,valid,2,0.1,10.0,10.0,500,0.992,0.0,0.0,0.008,121.21038311536996,107.50922943360705,4.502,5.502,507.31757157552084
100,5,3,invalid,2,0.1,10.0,10.0,500,0.0,0.68,0.0,0.32,712.7553937518961,2000.0,4.45,5.45,501.4578395182292
100,5,3,valid,3,0.1,10.0,10.0,500,0.994,0.0,0.0,0.006,117.49402804820431,107.54604325474087,4.48,5.48,504.8384541666667
100,5,3,invalid,3,0.1,10.0,10.0,500,0.0,0.0,0.732,0.268,614.2574498994303,2000.0,4.48,5.48,504.8384541666667
100,5,3,valid,0,0.2,10.0,10.0,500,0.96,0.0,0.0,0.04,182.08791332872013,108.01742596629384,4.004,5.004,451.19936841145835
100,5,3,invalid,0,0.2,10.0,10.0,500,0.0,0.938,0.0,0.062,223.76564713053727,2000.0,3.998,4.998,450.52324548177086
100,5,3,valid,2,0.2,10.0,10.0,500,0.952,0.0,0.0,0.048,197.25432391607518,108.1906278320571,4.04,5.04,455.2561059895833
100,5,3,invalid,2,0.2,10.0,10.0,500,0.0,0.522,0.0,0.478,1011.8060080124267,2000.0,3.97,4.97,447.3680051432292
100,5,3,valid,3,0.2,10.0,10.0,500,0.96,0.0,0.0,0.04,182.0881255374796,107.95792306232545,4.058,5.058,457.28447477864586
100,5,3,invalid,3,0.2,10.0,10.0,500,0.0,0.0,0.538,0.462,981.5606649346747,2000.0,4.062,5.062,457.73522339843754
100,5,3,valid,0,0.4,10.0,10.0,500,0.704,0.0,0.0,0.296,667.0099883075505,2000.0,3.046,4.046,343.24507397135415
100,5,3,invalid,0,0.4,10.0,10.0,500,0.0,0.632,0.0,0.368,803.355915966308,2000.0,2.892,3.892,325.891252109375
100,5,3,valid,2,0.4,10.0,10.0,500,0.662,0.0,0.0,0.338,746.5374217262238,2000.0,3.006,4.006,338.7375877734375
100,5,3,invalid,2,0.4,10.0,10.0,500,0.0,0.22,0.0,0.78,1583.5150052150927,2000.0,3.038,4.038,342.34357673177084
100,5,3,valid,3,0.4,10.0,10.0,500,0.662,0.0,0.0,0.338,746.5673820107645,2000.0,2.934,3.934,330.6241126171875
100,5,3,invalid,3,0.4,10.0,10.0,500,0.0,0.0,0.21,0.79,1602.477413219088,2000.0,3.01,4.01,339.1883363932292
100,5,3,valid,0,0.0,10.0,50.0,500,1.0,0.0,0.0,0.0,146.0527358585133,152.6518414153034,5,6,563.4357747395834
100,5,3,invalid,0,0.0,10.0,50.0,500,0.0,1.0,0.0,0.0,145.90014977184632,152.05030155901454,5,6,563.4357747395834
100,5,3,valid,2,0.0,10.0,50.0,500,1.0,0.0,0.0,0.0,145.77638581713643,151.99802403113094,5,6,563.4357747395834
100,5,3,invalid,2,0.0,10.0,50.0,500,0.0,1.0,0.0,0.0,151.19060416350678,155.66475208975655,5,6,563.4357747395834
100,5,3,valid,3,0.0,10.0,50.0,500,1.0,0.0,0.0,0.0,145.94925690860018,151.73123716242722,5,6,563.4357747395834
100,5,3,invalid,3,0.0,10.0,50.0,500,0.0,0.0,1.0,0.0,150.9040609703691,155.604481652652,5,6,563.4357747395834
100,5,3,valid,0,0.1,10.0,50.0,500,0.978,0.0,0.0,0.022,187.87805764493135,154.59494617174758,4.472,5.472,503.9369569270834
100,5,3,invalid,0,0.1,10.0,50.0,500,0.0,0.99,0.0,0.01,165.2295852321246,153.6840915276358,4.51,5.51,508.2190688151042
100,5,3,valid,2,0.1,10.0,50.0,500,0.988,0.0,0.0,0.012,169.35402792752515,154.05291182214071,4.526,5.526,510.0220632942709
100,5,3,invalid,2,0.1,10.0,50.0,500,0.0,0.7,0.0,0.3,705.4444822979023,2000.0,4.508,5.508,507.99369450520834
100,5,3,valid,3,0.1,10.0,50.0,500,0.99,0.0,0.0,0.01,165.53088491644328,154.00065485608195,4.462,5.462,502.8100853776042
100,5,3,invalid,3,0.1,10.0,50.0,500,0.0,0.0,0.706,0.294,694.6683064115408,2000.0,4.478,5.478,504.61307985677087
100,5,3,valid,0,0.2,10.0,50.0,500,0.922,0.0,0.0,0.078,292.33371661821405,2000.0,3.966,4.966,446.9172565234375
100,5,3,invalid,0,0.2,10.0,50.0,500,0.0,0.954,0.0,0.046,233.3198955943821,156.1224456287392,4.004,5.004,451.19936841145835
100,5,3,valid,2,0.2,10.0,50.0,500,0.928,0.0,0.0,0.072,280.8301980360073,2000.0,4.006,5.006,451.42474272135416
100,5,3,invalid,2,0.2,10.0,50.0,500,0.0,0.558,0.0,0.442,968.3158465126005,2000.0,4.012,5.012,452.10086565104166
100,5,3,valid,3,0.2,10.0,50.0,500,0.954,0.0,0.0,0.046,233.34954773758145,155.98857969123358,3.99,4.99,449.6217482421875
100,5,3,invalid,3,0.2,10.0,50.0,500,0.0,0.0,0.472,0.528,1127.148557237569,2000.0,3.94,4.94,443.98739049479167
100,5,3,valid,0,0.4,10.0,50.0,500,0.682,0.0,0.0,0.318,737.6666224714435,2000.0,3.03,4.03,341.4420794921875
100,5,3,invalid,0,0.4,10.0,50.0,500,0.0,0.684,0.0,0.316,733.7847648280945,2000.0,3.006,4.006,338.7375877734375
100,5,3,valid,2,0.4,10.0,50.0,500,0.706,0.0,0.0,0.294,693.5728727149855,2000.0,3.038,4.038,342.34357673177084
100,5,3,invalid,2,0.4,10.0,50.0,500,0.0,0.202,0.0,0.798,1626.4856517092232,2000.0,2.942,3.942,331.5256098567708
100,5,3,valid,3,0.4,10.0,50.0,500,0.658,0.0,0.0,0.342,781.8702956715288,2000.0,2.978,3.978,335.58234743489584
100,5,3,invalid,3,0.4,10.0,50.0,500,0.0,0.0,0.23,0.77,1574.673249187955,2000.0,2.984,3.984,336.25847036458333
100,5,3,valid,0,0.0,10.0,100.0,500,1.0,0.0,0.0,0.0,195.80223355743246,207.5902245792917,5,6,563.4357747395834
100,5,3,invalid,0,0.0,10.0,100.0,500,0.0,1.0,0.0,0.0,195.88507977981354,208.56894937363455,5,6,563.4357747395834
100,5,3,valid,2,0.0,10.0,100.0,500,1.0,0.0,0.0,0.0,195.91001299067372,209.55906163251692,5,6,563.4357747395834
100,5,3,invalid,2,0.0,10.0,100.0,500,0.0,1.0,0.0,0.0,206.3190803446111,215.43491464144924,5,6,563.4357747395834
100,5,3,valid,3,0.0,10.0,100.0,500,1.0,0.0,0.0,0.0,196.05153368239533,208.49623311968284,5,6,563.4357747395834
100,5,3,invalid,3,0.0,10.0,100.0,500,0.0,0.0,1.0,0.0,206.38979027441025,215.19035999612777,5,6,563.4357747395834
100,5,3,valid,0,0.1,10.0,100.0,500,0.99,0.0,0.0,0.01,215.7596445424534,211.58637753386338,4.476,5.476,504.38770554687505
100,5,3,invalid,0,0.1,10.0,100.0,500,0.0,0.994,0.0,0.006,208.770171120097,212.16594140410794,4.502,5.502,507.31757157552084
100,5,3,valid,2,0.1,10.0,100.0,500,0.99,0.0,0.0,0.01,216.63047383007765,213.49884006363033,4.49,5.49,505.96532571614586
100,5,3,invalid,2,0.1,10.0,100.0,500,0.0,0.746,0.0,0.254,661.4793957917764,2000.0,4.5,5.5,507.09219726562503
100,5,3,valid,3,0.1,10.0,100.0,500,0.986,0.0,0.0,0.014,222.98818353517132,212.84295300390073,4.462,5.462,502.8100853776042
100,5,3,invalid,3,0.1,10.0,100.0,500,0.0,0.0,0.702,0.298,740.3965839676907,2000.0,4.468,5.468,503.4862083072917
100,5,3,valid,0,0.2,10.0,100.0,500,0.962,0.0,0.0,0.038,267.98129786547526,215.06334735682185,4.07,5.07,458.63672063802085
100,5,3,invalid,0,0.2,10.0,100.0,500,0.0,0.94,0.0,0.06,307.64933212615233,2000.0,3.936,4.936,443.536641875
100,5,3,valid,2,0.2,10.0,100.0,500,0.946,0.0,0.0,0.054,297.1974277453755,2000.0,3.934,4.934,443.3112675651042
100,5,3,invalid,2,0.2,10.0,100.0,500,0.0,0.56,0.0,0.44,995.5122864046959,2000.0,4.134,5.134,465.84869855468753
100,5,3,valid,3,0.2,10.0,100.0,500,0.936,0.0,0.0,0.064,314.87965233912763,2000.0,3.958,4.958,446.01575928385415
100,5,3,invalid,3,0.2,10.0,100.0,500,0.0,0.0,0.522,0.478,1063.7139993227843,2000.0,3.98,4.98,448.4948766927083
100,5,3,valid,0,0.4,10.0,100.0,500,0.67,0.0,0.0,0.33,795.4290044970456,2000.0,2.984,3.984,336.25847036458333
100,5,3,invalid,0,0.4,10.0,100.0,500,0.0,0.698,0.0,0.302,745.7174099826466,2000.0,3.008,4.008,338.9629620833333
100,5,3,valid,2,0.4,10.0,100.0,500,0.63,0.0,0.0,0.37,867.1265150665563,2000.0,2.91,3.91,327.9196208984375
100,5,3,invalid,2,0.4,10.0,100.0,500,0.0,0.248,0.0,0.752,1555.102862840521,2000.0,3.024,4.024,340.7659565625
100,5,3,valid,3,0.4,10.0,100.0,500,0.69,0.0,0.0,0.31,759.0924365316625,2000.0,3.05,4.05,343.6958225911458
100,5,3,invalid,3,0.4,10.0,100.0,500,0.0,0.0,0.232,0.768,1583.8548968645775,2000.0,3.04,4.04,342.56895104166665
100,5,3,valid,0,0.0,100.0,10.0,500,1.0,0.0,0.0,0.0,22.848518421225652,23.950884344932913,5,6,563.4357747395834
100,5,3,invalid,0,0.0,100.0,10.0,500,0.0,1.0,0.0,0.0,22.843611391304783,24.028444999903417,5,6,563.4357747395834
100,5,3,valid,2,0.0,100.0,10.0,500,1.0,0.0,0.0,0.0,22.845747902181568,24.05388220473191,5,6,563.4357747395834
100,5,3,invalid,2,0.0,100.0,10.0,500,0.0,1.0,0.0,0.0,23.840283235773256,25.014685432829896,5,6,563.4357747395834
100,5,3,valid,3,0.0,100.0,10.0,500,1.0,0.0,0.0,0.0,22.881906792492202,24.12856348882928,5,6,563.4357747395834
100,5,3,invalid,3,0.0,100.0,10.0,500,0.0,0.0,1.0,0.0,23.83769528314137,25.018497285406102,5,6,563.4357747395834
100,5,3,valid,0,0.1,100.0,10.0,500,1.0,0.0,0.0,0.0,23.07794227470658,24.32833338624311,4.526,5.526,510.0220632942709
100,5,3,invalid,0,0.1,100.0,10.0,500,0.0,0.986,0.0,0.014,50.70556458293129,24.551564142325006,4.486,5.486,505.5145770963542
100,5,3,valid,2,0.1,100.0,10.0,500,0.994,0.0,0.0,0.006,34.935238666709786,24.442704391162874,4.504,5.504,507.5429458854167
100,5,3,invalid,2,0.1,100.0,10.0,500,0.0,0.734,0.0,0.266,549.4769066452366,2000.0,4.476,5.476,504.38770554687505
100,5,3,valid,3,0.1,100.0,10.0,500,0.994,0.0,0.0,0.006,34.861391813181726,24.44900114070057,4.498,5.498,506.8668229557292
100,5,3,invalid,3,0.1,100.0,10.0,500,0.0,0.0,0.73,0.27,557.4025193281367,2000.0,4.51,5.51,508.2190688151042
100,5,3,valid,0,0.2,100.0,10.0,500,0.93,0.0,0.0,0.07,161.63206461685073,2000.0,3.948,4.948,444.88888773437503
100,5,3,invalid,0,0.2,100.0,10.0,500,0.0,0.936,0.0,0.064,149.8178914345193,2000.0,3.962,4.962,446.46650790364583
100,5,3,valid,2,0.2,100.0,10.0,500,0.942,0.0,0.0,0.058,137.8897992546846,2000.0,4.02,5.02,453.002362890625
100,5,3,invalid,2,0.2,100.0,10.0,500,0.0,0.518,0.0,0.482,976.3120842753985,2000.0,4.05,5.05,456.3829775390625
100,5,3,valid,3,0.2,100.0,10.0,500,0.954,0.0,0.0,0.046,114.1032379408192,25.102403802904522,4.02,5.02,453.002362890625
100,5,3,invalid,3,0.2,100.0,10.0,500,0.0,0.0,0.486,0.514,1039.5737948841513,2000.0,3.94,4.94,443.98739049479167
100,5,3,valid,0,0.4,100.0,10.0,500,0.706,0.0,0.0,0.294,604.6854079384568,2000.0,3.02,4.02,340.3152079427083
100,5,3,invalid,0,0.4,100.0,10.0,500,0.0,0.674,0.0,0.326,667.8790940816845,2000.0,2.982,3.982,336.03309605468746
100,5,3,valid,2,0.4,100.0,10.0,500,0.702,0.0,0.0,0.298,612.4491838140395,2000.0,3.05,4.05,343.6958225911458
100,5,3,invalid,2,0.4,100.0,10.0,500,0.0,0.206,0.0,0.794,1592.9126824217083,2000.0,3.006,4.006,338.7375877734375
100,5,3,valid,3,0.4,100.0,10.0,500,0.716,0.0,0.0,0.284,584.8006926452014,2000.0,3.084,4.084,347.527185859375
100,5,3,invalid,3,0.4,100.0,10.0,500,0.0,0.0,0.21,0.79,1584.9863873169945,2000.0,2.946,3.946,331.9763584765625
100,5,3,valid,0,0.0,100.0,50.0,500,1.0,0.0,0.0,0.0,63.0159876741022,68.64704321012483,5,6,563.4357747395834
100,5,3,invalid,0,0.0,100.0,50.0,500,0.0,1.0,0.0,0.0,63.07684287121078,69.54217049476233,5,6,563.4357747395834
100,5,3,valid,2,0.0,100.0,50.0,500,1.0,0.0,0.0,0.0,62.76136463808035,69.05342800818144,5,6,563.4357747395834
100,5,3,invalid,2,0.0,100.0,50.0,500,0.0,1.0,0.0,0.0,67.88542926247537,72.35823359497334,5,6,563.4357747395834
100,5,3,valid,3,0.0,100.0,50.0,500,1.0,0.0,0.0,0.0,63.11957948691244,69.22233909505859,5,6,563.4357747395834
100,5,3,invalid,3,0.0,100.0,50.0,500,0.0,0.0,1.0,0.0,68.12977909898413,72.60331021935184,5,6,563.4357747395834
100,5,3,valid,0,0.1,100.0,50.0,500,0.988,0.0,0.0,0.012,87.37049123799605,70.67434354481598,4.494,5.494,506.41607433593754
100,5,3,invalid,0,0.1,100.0,50.0,500,0.0,0.982,0.0,0.018,98.88732089957804,71.5039998454744,4.432,5.432,499.4294707291667
100,5,3,valid,2,0.1,100.0,50.0,500,0.99,0.0,0.0,0.01,83.022575110578,70.76287596534095,4.5,5.5,507.09219726562503
100,5,3,invalid,2,0.1,100.0,50.0,500,0.0,0.728,0.0,0.272,593.4703232547869,2000.0,4.526,5.526,510.0220632942709
100,5,3,valid,3,0.1,100.0,50.0,500,0.984,0.0,0.0,0.016,94.96356875173394,70.93638123565358,4.434,5.434,499.65484503906254
100,5,3,invalid,3,0.1,100.0,50.0,500,0.0,0.0,0.73,0.27,589.5401699736914,2000.0,4.478,5.478,504.61307985677087
100,5,3,valid,0,0.2,100.0,50.0,500,0.922,0.0,0.0,0.078,215.7094976183652,2000.0,3.97,4.97,447.3680051432292
100,5,3,invalid,0,0.2,100.0,50.0,500,0.0,0.944,0.0,0.056,173.5249000424064,2000.0,3.964,4.964,446.6918822135417
100,5,3,valid,2,0.2,100.0,50.0,500,0.948,0.0,0.0,0.052,165.27023752348597,2000.0,4.076,5.076,459.31284356770834
100,5,3,invalid,2,0.2,100.0,50.0,500,0.0,0.522,0.0,0.478,991.6379772640186,2000.0,4.016,5.016,452.55161427083334
100,5,3,valid,3,0.2,100.0,50.0,500,0.936,0.0,0.0,0.064,188.49360150496554,2000.0,4.008,5.008,451.65011703125003
100,5,3,invalid,3,0.2,100.0,50.0,500,0.0,0.0,0.478,0.522,1076.572786000619,2000.0,3.954,4.954,445.5650106640625
100,5,3,valid,0,0.4,100.0,50.0,500,0.678,0.0,0.0,0.322,688.9018132385488,2000.0,3.01,4.01,339.1883363932292
100,5,3,invalid,0,0.4,100.0,50.0,500,0.0,0.634,0.0,0.366,773.9694721039718,2000.0,2.908,3.908,327.69424658854166
100,5,3,valid,2,0.4,100.0,50.0,500,0.674,0.0,0.0,0.326,696.5869946971522,2000.0,2.978,3.978,335.58234743489584
100,5,3,invalid,2,0.4,100.0,50.0,500,0.0,0.216,0.0,0.784,1582.850277644455,2000.0,2.996,3.996,337.6107162239583
100,5,3,valid,3,0.4,100.0,50.0,500,0.708,0.0,0.0,0.292,630.6176084414035,2000.0,3.076,4.076,346.6256886197917
100,5,3,invalid,3,0.4,100.0,50.0,500,0.0,0.0,0.208,0.792,1598.097115811844,2000.0,3.056,4.056,344.3719455208333
100,5,3,valid,0,0.0,100.0,100.0,500,1.0,0.0,0.0,0.0,112.66352778807449,124.36880952670388,5,6,563.4357747395834
100,5,3,invalid,0,0.0,100.0,100.0,500,0.0,1.0,0.0,0.0,112.51378408396387,124.64644238089979,5,6,563.4357747395834
100,5,3,valid,2,0.0,100.0,100.0,500,1.0,0.0,0.0,0.0,112.86467855634541,125.09117617531186,5,6,563.4357747395834
100,5,3,invalid,2,0.0,100.0,100.0,500,0.0,1.0,0.0,0.0,122.90615599031064,132.09982259459258,5,6,563.4357747395834
100,5,3,valid,3,0.0,100.0,100.0,500,1.0,0.0,0.0,0.0,112.43169693106874,125.75333022308737,5,6,563.4357747395834
100,5,3,invalid,3,0.0,100.0,100.0,500,0.0,0.0,1.0,0.0,122.32326823158138,132.19844884740056,5,6,563.4357747395834
100,5,3,valid,0,0.1,100.0,100.0,500,0.996,0.0,0.0,0.004,122.43364818192809,128.15418628000486,4.502,5.502,507.31757157552084
100,5,3,invalid,0,0.1,100.0,100.0,500,0.0,0.994,0.0,0.006,126.00725660003152,127.84513393109445,4.528,5.528,510.2474376041667
100,5,3,valid,2,0.1,100.0,100.0,500,0.992,0.0,0.0,0.008,130.00664300109048,128.31995909368362,4.502,5.502,507.31757157552084
100,5,3,invalid,2,0.1,100.0,100.0,500,0.0,0.732,0.0,0.268,626.3777003128195,2000.0,4.502,5.502,507.31757157552084
100,5,3,valid,3,0.1,100.0,100.0,500,0.992,0.0,0.0,0.008,130.33334048789575,129.05601530754666,4.492,5.492,506.1907000260417
100,5,3,invalid,3,0.1,100.0,100.0,500,0.0,0.0,0.72,0.28,648.6391442455188,2000.0,4.508,5.508,507.99369450520834
100,5,3,valid,0,0.2,100.0,100.0,500,0.934,0.0,0.0,0.066,241.10501805820255,2000.0,4.01,5.01,451.87549134114585
100,5,3,invalid,0,0.2,100.0,100.0,500,0.0,0.912,0.0,0.088,282.18242555606867,2000.0,3.91,4.91,440.6067758463542
100,5,3,valid,2,0.2,100.0,100.0,500,0.952,0.0,0.0,0.048,207.9558388545585,132.80371283946684,3.998,4.998,450.52324548177086
100,5,3,invalid,2,0.2,100.0,100.0,500,0.0,0.498,0.0,0.502,1064.9945891082793,2000.0,3.97,4.97,447.3680051432292
100,5,3,valid,3,0.2,100.0,100.0,500,0.938,0.0,0.0,0.062,233.4731381494514,2000.0,3.994,4.994,450.0724968619792
100,5,3,invalid,3,0.2,100.0,100.0,500,0.0,0.0,0.554,0.446,959.9403108411806,2000.0,4.09,5.09,460.8904637369792
100,5,3,valid,0,0.4,100.0,100.0,500,0.704,0.0,0.0,0.296,676.4230225454758,2000.0,3.034,4.034,341.89282811197916
100,5,3,invalid,0,0.4,100.0,100.0,500,0.0,0.696,0.0,0.304,690.7106272725774,2000.0,3.056,4.056,344.3719455208333
100,5,3,valid,2,0.4,100.0,100.0,500,0.686,0.0,0.0,0.314,709.8089481360167,2000.0,2.994,3.994,337.3853419140625
100,5,3,invalid,2,0.4,100.0,100.0,500,0.0,0.186,0.0,0.814,1650.6653520505295,2000.0,2.952,3.952,332.65248140625
100,5,3,valid,3,0.4,100.0,100.0,500,0.708,0.0,0.0,0.292,668.6010033967501,2000.0,3.054,4.054,344.1465712109375
100,5,3,invalid,3,0.4,100.0,100.0,500,0.0,0.0,0.19,0.81,1643.4443325983966,2000.0,2.974,3.974,335.13159881510416
100,11,7,valid,0,0.0,10.0,10.0,500,1.0,0.0,0.0,0.0,106.1903083128914,107.05498565940606,11,12,1238.7491015625
100,11,7,invalid,0,0.0,10.0,10.0,500,0.0,1.0,0.0,0.0,106.17749557120521,106.99292475225516,11,12,1238.7491015625
100,11,7,valid,6,0.0,10.0,10.0,500,1.0,0.0,0.0,0.0,106.18966464099883,107.03080859611967,11,12,1238.7491015625
100,11,7,invalid,6,0.0,10.0,10.0,500,0.0,0.0,0.0,1.0,2000.0,2000.0,11,12,1238.7491015625
100,11,7,valid,7,0.0,10.0,10.0,500,1.0,0.0,0.0,0.0,106.17882318187972,107.02047110080734,11,12,1238.7491015625
100,11,7,invalid,7,0.0,10.0,10.0,500,0.0,0.0,1.0,0.0,107.36338058536137,108.08792644938819,11,12,1238.7491015625
100,11,7,valid,0,0.1,10.0,10.0,500,0.996,0.0,0.0,0.004,114.01996160597932,107.41507441874828,9.936,10.936,1118.928279375
100,11,7,invalid,0,0.1,10.0,10.0,500,0.0,0.996,0.0,0.004,114.03584271007992,107.37703253305735,9.896,10.896,1114.4237371875001
100,11,7,valid,6,0.1,10.0,10.0,500,0.998,0.0,0.0,0.002,110.16932783493884,107.35642320527572,9.988,10.988,1124.78418421875
100,11,7,invalid,6,0.1,10.0,10.0,500,0.0,0.0,0.0,1.0,2000.0,2000.0,9.932,10.932,1118.47782515625
100,11,7,valid,7,0.1,10.0,10.0,500,0.996,0.0,0.0,0.004,113.99803128769038,107.35293453405707,9.944,10.944,1119.8291878125
100,11,7,invalid,7,0.1,10.0,10.0,500,0.0,0.0,0.488,0.512,1076.4180393126326,2000.0,9.974,10.974,1123.207594453125
100,11,7,valid,0,0.2,10.0,10.0,500,0.944,0.0,0.0,0.056,212.70684593196228,2000.0,8.774,9.774,988.071328828125
100,11,7,invalid,0,0.2,10.0,10.0,500,0.0,0.952,0.0,0.048,197.62182972168702,108.2008680176935,8.804,9.804,991.44973546875
100,11,7,valid,6,0.2,10.0,10.0,500,0.932,0.0,0.0,0.068,235.44660685293337,2000.0,8.664,9.664,975.6838378125
100,11,7,invalid,6,0.2,10.0,10.0,500,0.0,0.0,0.0,1.0,2000.0,2000.0,8.79,9.79,989.873145703125
100,11,7,valid,7,0.2,10.0,10.0,500,0.956,0.0,0.0,0.044,190.01316611697436,108.02585486495913,8.736,9.736,983.79201375
100,11,7,invalid,7,0.2,10.0,10.0,500,0.0,0.0,0.218,0.782,1587.3959109561474,2000.0,8.752,9.752,985.593830625
100,11,7,valid,0,0.4,10.0,10.0,500,0.502,0.0,0.0,0.498,1049.7440293681768,2000.0,6.474,7.474,729.060153046875
100,11,7,invalid,0,0.4,10.0,10.0,500,0.0,0.514,0.0,0.486,1027.0231669935906,2000.0,6.558,7.558,738.519691640625
100,11,7,valid,6,0.4,10.0,10.0,500,0.528,0.0,0.0,0.472,1000.5491368410168,2000.0,6.616,7.616,745.0512778125
100,11,7,invalid,6,0.4,10.0,10.0,500,0.0,0.0,0.0,1.0,2000.0,2000.0,6.548,7.548,737.39355609375
100,11,7,valid,7,0.4,10.0,10.0,500,0.52,0.0,0.0,0.48,1015.6703584954695,2000.0,6.678,7.678,752.033318203125
100,11,7,invalid,7,0.4,10.0,10.0,500,0.0,0.0,0.034,0.966,1935.6510144963086,2000.0,6.638,7.638,747.528776015625
100,11,7,valid,0,0.0,10.0,50.0,500,1.0,0.0,0.0,0.0,147.47953463669947,151.7320079326562,11,12,1238.7491015625
100,11,7,invalid,0,0.0,10.0,50.0,500,0.0,1.0,0.0,0.0,147.7297735441597,151.87419700076651,11,12,1238.7491015625
100,11,7,valid,6,0.0,10.0,50.0,500,1.0,0.0,0.0,0.0,147.58242913882145,151.9644945459757,11,12,1238.7491015625
100,11,7,invalid,6,0.0,10.0,50.0,500,0.0,0.0,0.0,1.0,2000.0,2000.0,11,12,1238.7491015625
100,11,7,valid,7,0.0,10.0,50.0,500,1.0,0.0,0.0,0.0,147.33252708195894,151.86511855171517,11,12,1238.7491015625
100,11,7,invalid,7,0.0,10.0,50.0,500,0.0,0.0,1.0,0.0,153.39528866625915,155.78073014199526,11,12,1238.7491015625
100,11,7,valid,0,0.1,10.0,50.0,500,0.996,0.0,0.0,0.004,156.18656190829677,153.37796222715605,9.904,10.904,1115.3246456250001
100,11,7,invalid,0,0.1,10.0,50.0,500,0.0,0.994,0.0,0.006,160.0286819374308,153.7817652822891,9.908,10.908,1115.77509984375
100,11,7,valid,6,0.1,10.0,50.0,500,0.998,0.0,0.0,0.002,152.3078101889677,153.14254660402668,9.928,10.928,1118.0273709375
100,11,7,invalid,6,0.1,10.0,50.0,500,0.0,0.0,0.0,1.0,2000.0,2000.0,9.868,10.868,1111.27055765625
100,11,7,valid,7,0.1,10.0,50.0,500,0.994,0.0,0.0,0.006,159.92589832903104,153.83132543140007,9.884,10.884,1113.07237453125
100,11,7,invalid,7,0.1,10.0,50.0,500,0.0,0.0,0.486,0.514,1102.5103952165725,2000.0,9.928,10.928,1118.0273709375
100,11,7,valid,0,0.2,10.0,50.0,500,0.96,0.0,0.0,0.04,223.8672225944357,155.5677549320101,8.846,9.846,996.179504765625
100,11,7,invalid,0,0.2,10.0,50.0,500,0.0,0.928,0.0,0.072,283.5596272552609,2000.0,8.718,9.718,981.764969765625
100,11,7,valid,6,0.2,10.0,50.0,500,0.966,0.0,0.0,0.034,212.7627872163504,155.30923855947478,8.982,9.982,1011.494948203125
100,11,7,invalid,6,0.2,10.0,50.0,500,0.0,0.0,0.0,1.0,2000.0,2000.0,8.766,9.766,987.170420390625
100,11,7,valid,7,0.2,10.0,50.0,500,0.946,0.0,0.0,0.054,249.91396480431956,2000.0,8.742,9.742,984.467695078125
100,11,7,invalid,7,0.2,10.0,50.0,500,0.0,0.0,0.232,0.768,1571.610109887385,2000.0,8.802,9.802,991.224508359375
100,11,7,valid,0,0.4,10.0,50.0,500,0.504,0.0,0.0,0.496,1068.611618799456,2000.0,6.554,7.554,738.069237421875
100,11,7,invalid,0,0.4,10.0,50.0,500,0.0,0.498,0.0,0.502,1079.5560672196707,2000.0,6.546,7.546,737.168328984375
100,11,7,valid,6,0.4,10.0,50.0,500,0.502,0.0,0.0,0.498,1072.1713243379736,2000.0,6.502,7.502,732.213332578125
100,11,7,invalid,6,0.4,10.0,50.0,500,0.0,0.0,0.0,1.0,2000.0,2000.0,6.528,7.528,735.1412849999999
100,11,7,valid,7,0.4,10.0,50.0,500,0.536,0.0,0.0,0.464,1009.273250058959,2000.0,6.688,7.688,753.15945375
100,11,7,invalid,7,0.4,10.0,50.0,500,0.0,0.0,0.032,0.968,1940.9228385462936,2000.0,6.592,7.592,742.3485525
100,11,7,valid,0,0.0,10.0,100.0,500,1.0,0.0,0.0,0.0,199.14599266958905,208.2697385103555,11,12,1238.7491015625
100,11,7,invalid,0,0.0,10.0,100.0,500,0.0,1.0,0.0,0.0,199.2747775481954,208.44232032836956,11,12,1238.7491015625
100,11,7,valid,6,0.0,10.0,100.0,500,1.0,0.0,0.0,0.0,199.18181626024224,207.86395512541083,11,12,1238.7491015625
100,11,7,invalid,6,0.0,10.0,100.0,500,0.0,0.0,0.0,1.0,2000.0,2000.0,11,12,1238.7491015625
100,11,7,valid,7,0.0,10.0,100.0,500,1.0,0.0,0.0,0.0,199.54509518467836,208.6741800408209,11,12,1238.7491015625
100,11,7,invalid,7,0.0,10.0,100.0,500,0.0,0.0,1.0,0.0,210.79443381999212,215.60741809027823,11,12,1238.7491015625
100,11,7,valid,0,0.1,10.0,100.0,500,0.998,0.0,0.0,0.002,205.3697206789806,211.93426193653963,9.854,10.854,1109.6939678906251
100,11,7,invalid,0,0.1,10.0,100.0,500,0.0,1.0,0.0,0.0,202.0778654935104,211.2260548152958,9.88,10.88,1112.6219203125002
100,11,7,valid,6,0.1,10.0,100.0,500,1.0,0.0,0.0,0.0,202.44977161971093,211.8481510410855,9.822,10.822,1106.0903341406251
100,11,7,invalid,6,0.1,10.0,100.0,500,0.0,0.0,0.0,1.0,2000.0,2000.0,9.924,10.924,1117.57691671875
100,11,7,valid,7,0.1,10.0,100.0,500,0.996,0.0,0.0,0.004,208.60876811364776,211.89238646534395,9.888,10.888,1113.5228287500001
100,11,7,invalid,7,0.1,10.0,100.0,500,0.0,0.0,0.478,0.522,1144.7631899698454,2000.0,9.84,10.84,1108.117378125
100,11,7,valid,0,0.2,10.0,100.0,500,0.962,0.0,0.0,0.038,272.77699286599005,215.18344502852622,8.864,9.864,998.20654875
100,11,7,invalid,0,0.2,10.0,100.0,500,0.0,0.936,0.0,0.064,318.6722453690569,2000.0,8.818,9.818,993.026325234375
100,11,7,valid,6,0.2,10.0,100.0,500,0.946,0.0,0.0,0.054,301.69055427141984,2000.0,8.784,9.784,989.197464375
100,11,7,invalid,6,0.2,10.0,100.0,500,0.0,0.0,0.0,1.0,2000.0,2000.0,8.762,9.762,986.7199661718751
100,11,7,valid,7,0.2,10.0,100.0,500,0.956,0.0,0.0,0.044,283.44788951363006,215.68112196621428,8.804,9.804,991.44973546875
100,11,7,invalid,7,0.2,10.0,100.0,500,0.0,0.0,0.184,0.816,1670.8179815306187,2000.0,8.732,9.732,983.34155953125
100,11,7,valid,0,0.4,10.0,100.0,500,0.56,0.0,0.0,0.44,996.2670893969245,2000.0,6.656,7.656,749.5558199999999
100,11,7,invalid,0,0.4,10.0,100.0,500,0.0,0.568,0.0,0.432,981.8988535248002,2000.0,6.748,7.748,759.91626703125
100,11,7,valid,6,0.4,10.0,100.0,500,0.502,0.0,0.0,0.498,1100.377017452456,2000.0,6.554,7.554,738.069237421875
100,11,7,invalid,6,0.4,10.0,100.0,500,0.0,0.0,0.0,1.0,2000.0,2000.0,6.528,7.528,735.1412849999999
100,11,7,valid,7,0.4,10.0,100.0,500,0.534,0.0,0.0,0.466,1042.7088894411197,2000.0,6.582,7.582,741.2224169531249
100,11,7,invalid,7,0.4,10.0,100.0,500,0.0,0.0,0.032,0.968,1942.6799450474073,2000.0,6.506,7.506,732.663786796875
100,11,7,valid,0,0.0,100.0,10.0,500,1.0,0.0,0.0,0.0,23.11514911565571,23.998952548926294,11,12,1238.7491015625
100,11,7,invalid,0,0.0,100.0,10.0,500,0.0,1.0,0.0,0.0,23.13633911127751,23.977107394003028,11,12,1238.7491015625
100,11,7,valid,6,0.0,100.0,10.0,500,1.0,0.0,0.0,0.0,23.121437317755476,24.002423337389285,11,12,1238.7491015625
100,11,7,invalid,6,0.0,100.0,10.0,500,0.0,0.0,0.0,1.0,2000.0,2000.0,11,12,1238.7491015625
100,11,7,valid,7,0.0,100.0,10.0,500,1.0,0.0,0.0,0.0,23.109911194276986,23.976682211194134,11,12,1238.7491015625
100,11,7,invalid,7,0.0,100.0,10.0,500,0.0,0.0,1.0,0.0,24.345246284398552,25.10690804811911,11,12,1238.7491015625
100,11,7,valid,0,0.1,100.0,10.0,500,0.996,0.0,0.0,0.004,31.320494223930883,24.345755260227197,9.914,10.914,1116.450781171875
100,11,7,invalid,0,0.1,100.0,10.0,500,0.0,0.996,0.0,0.004,31.31304810276186,24.327019862653344,9.936,10.936,1118.928279375
100,11,7,valid,6,0.1,100.0,10.0,500,0.996,0.0,0.0,0.004,31.28751166308076,24.393665998958966,9.848,10.848,1109.0182865625
100,11,7,invalid,6,0.1,100.0,10.0,500,0.0,0.0,0.0,1.0,2000.0,2000.0,9.84,10.84,1108.117378125
100,11,7,valid,7,0.1,100.0,10.0,500,0.998,0.0,0.0,0.002,27.365453116964233,24.37153574602315,9.876,10.876,1112.17146609375
100,11,7,invalid,7,0.1,100.0,10.0,500,0.0,0.0,0.49,0.51,1031.9097415367714,2000.0,9.892,10.892,1113.97328296875
100,11,7,valid,0,0.2,100.0,10.0,500,0.944,0.0,0.0,0.056,134.3450488132423,2000.0,8.784,9.784,989.197464375
100,11,7,invalid,0,0.2,100.0,10.0,500,0.0,0.964,0.0,0.036,94.75382743168839,24.96250041813981,8.868,9.868,998.65700296875
100,11,7,valid,6,0.2,100.0,10.0,500,0.962,0.0,0.0,0.038,98.75639843556465,24.9456838309312,8.852,9.852,996.85518609375
100,11,7,invalid,6,0.2,100.0,10.0,500,0.0,0.0,0.0,1.0,2000.0,2000.0,8.744,9.744,984.6929221875
100,11,7,valid,7,0.2,100.0,10.0,500,0.952,0.0,0.0,0.048,118.51431231489605,24.99546513437605,8.738,9.738,984.017240859375
100,11,7,invalid,7,0.2,100.0,10.0,500,0.0,0.0,0.218,0.782,1569.298661710203,2000.0,8.746,9.746,984.918149296875
100,11,7,valid,0,0.4,100.0,10.0,500,0.554,0.0,0.0,0.446,905.294715068258,2000.0,6.604,7.604,743.69991515625
100,11,7,invalid,0,0.4,100.0,10.0,500,0.0,0.548,0.0,0.452,917.1738202840629,2000.0,6.684,7.684,752.70899953125
100,11,7,valid,6,0.4,100.0,10.0,500,0.506,0.0,0.0,0.494,1000.1506170224782,2000.0,6.516,7.516,733.7899223437499
100,11,7,invalid,6,0.4,100.0,10.0,500,0.0,0.0,0.0,1.0,2000.0,2000.0,6.67,7.67,751.132409765625
100,11,7,valid,7,0.4,100.0,10.0,500,0.516,0.0,0.0,0.484,980.4008033462321,2000.0,6.528,7.528,735.1412849999999
100,11,7,invalid,7,0.4,100.0,10.0,500,0.0,0.0,0.03,0.97,1940.728593468442,2000.0,6.516,7.516,733.7899223437499
100,11,7,valid,0,0.0,100.0,50.0,500,1.0,0.0,0.0,0.0,64.4330515658577,68.99395673285653,11,12,1238.7491015625
100,11,7,invalid,0,0.0,100.0,50.0,500,0.0,1.0,0.0,0.0,64.5429560321639,68.86318383207431,11,12,1238.7491015625
100,11,7,valid,6,0.0,100.0,50.0,500,1.0,0.0,0.0,0.0,64.28413714400624,68.8429550084248,11,12,1238.7491015625
100,11,7,invalid,6,0.0,100.0,50.0,500,0.0,0.0,0.0,1.0,2000.0,2000.0,11,12,1238.7491015625
100,11,7,valid,7,0.0,100.0,50.0,500,1.0,0.0,0.0,0.0,64.48405052797433,68.90050151076714,11,12,1238.7491015625
100,11,7,invalid,7,0.0,100.0,50.0,500,0.0,0.0,1.0,0.0,70.32331576864682,72.78409008224348,11,12,1238.7491015625
100,11,7,valid,0,0.1,100.0,50.0,500,0.998,0.0,0.0,0.002,69.49611169108718,69.97169147230157,9.88,10.88,1112.6219203125002
100,11,7,invalid,0,0.1,100.0,50.0,500,0.0,0.996,0.0,0.004,73.50832084679038,71.026559422573,9.902,10.902,1115.099418515625
100,11,7,valid,6,0.1,100.0,50.0,500,0.994,0.0,0.0,0.006,77.11420892370758,70.283524513273,9.914,10.914,1116.450781171875
100,11,7,invalid,6,0.1,100.0,50.0,500,0.0,0.0,0.0,1.0,2000.0,2000.0,9.946,10.946,1120.0544149218751
100,11,7,valid,7,0.1,100.0,50.0,500,1.0,0.0,0.0,0.0,65.48801377715637,70.2433314510398,9.99,10.99,1125.009411328125
100,11,7,invalid,7,0.1,100.0,50.0,500,0.0,0.0,0.47,0.53,1093.02426565779,2000.0,9.894,10.894,1114.198510078125
100,11,7,valid,0,0.2,100.0,50.0,500,0.948,0.0,0.0,0.052,167.487226299162,2000.0,8.834,9.834,994.828142109375
100,11,7,invalid,0,0.2,100.0,50.0,500,0.0,0.944,0.0,0.056,175.53581424421398,2000.0,8.772,9.772,987.84610171875
100,11,7,valid,6,0.2,100.0,50.0,500,0.954,0.0,0.0,0.046,156.0375396484765,73.07923899778618,8.796,9.796,990.54882703125
100,11,7,invalid,6,0.2,100.0,50.0,500,0.0,0.0,0.0,1.0,2000.0,2000.0,8.804,9.804,991.44973546875
100,11,7,valid,7,0.2,100.0,50.0,500,0.956,0.0,0.0,0.044,152.07824499506674,72.91449822439485,8.838,9.838,995.278596328125
100,11,7,invalid,7,0.2,100.0,50.0,500,0.0,0.0,0.214,0.786,1587.1038884343404,2000.0,8.836,9.836,995.05336921875
100,11,7,valid,0,0.4,100.0,50.0,500,0.554,0.0,0.0,0.446,929.9619351841017,2000.0,6.654,7.654,749.330592890625
100,11,7,invalid,0,0.4,100.0,50.0,500,0.0,0.556,0.0,0.444,926.3206596906206,2000.0,6.654,7.654,749.330592890625
100,11,7,valid,6,0.4,100.0,50.0,500,0.548,0.0,0.0,0.452,941.7059967413957,2000.0,6.584,7.584,741.4476440625
100,11,7,invalid,6,0.4,100.0,50.0,500,0.0,0.0,0.0,1.0,2000.0,2000.0,6.536,7.536,736.0421934375
100,11,7,valid,7,0.4,100.0,50.0,500,0.528,0.0,0.0,0.472,980.3738113812484,2000.0,6.56,7.56,738.74491875
100,11,7,invalid,7,0.4,100.0,50.0,500,0.0,0.0,0.028,0.972,1945.9950003862525,2000.0,6.594,7.594,742.573779609375
100,11,7,valid,0,0.0,100.0,100.0,500,1.0,0.0,0.0,0.0,116.44380208457869,124.26623163422924,11,12,1238.7491015625
100,11,7,invalid,0,0.0,100.0,100.0,500,0.0,1.0,0.0,0.0,115.99469989383454,124.39452368692909,11,12,1238.7491015625
100,11,7,valid,6,0.0,100.0,100.0,500,1.0,0.0,0.0,0.0,116.38504727813282,124.72568765699417,11,12,1238.7491015625
100,11,7,invalid,6,0.0,100.0,100.0,500,0.0,0.0,0.0,1.0,2000.0,2000.0,11,12,1238.7491015625
100,11,7,valid,7,0.0,100.0,100.0,500,1.0,0.0,0.0,0.0,116.1285270649348,124.71552750900926,11,12,1238.7491015625
100,11,7,invalid,7,0.0,100.0,100.0,500,0.0,0.0,1.0,0.0,127.77286395768428,132.47466699408182,11,12,1238.7491015625
100,11,7,valid,0,0.1,100.0,100.0,500,1.0,0.0,0.0,0.0,118.94427612118396,128.61846068236227,9.956,10.956,1121.18055046875
100,11,7,invalid,0,0.1,100.0,100.0,500,0.0,0.996,0.0,0.004,126.29659009804814,128.75713203645537,9.934,10.934,1118.703052265625
100,11,7,valid,6,0.1,100.0,100.0,500,0.998,0.0,0.0,0.002,122.37290699149239,128.19953344776854,9.912,10.912,1116.2255540625001
100,11,7,invalid,6,0.1,100.0,100.0,500,0.0,0.0,0.0,1.0,2000.0,2000.0,9.862,10.862,1110.594876328125
100,11,7,valid,7,0.1,100.0,100.0,500,0.998,0.0,0.0,0.002,122.33590614791382,128.01039804226855,9.942,10.942,1119.603960703125
100,11,7,invalid,7,0.1,100.0,100.0,500,0.0,0.0,0.49,0.51,1082.6488716302563,2000.0,9.912,10.912,1116.2255540625001
100,11,7,valid,0,0.2,100.0,100.0,500,0.946,0.0,0.0,0.054,222.5151138786755,2000.0,8.702,9.702,979.963152890625
100,11,7,invalid,0,0.2,100.0,100.0,500,0.0,0.956,0.0,0.044,204.1075459544715,132.51928393110083,8.77,9.77,987.620874609375
100,11,7,valid,6,0.2,100.0,100.0,500,0.958,0.0,0.0,0.042,199.74378576960663,132.47153801834418,8.974,9.974,1010.594039765625
100,11,7,invalid,6,0.2,100.0,100.0,500,0.0,0.0,0.0,1.0,2000.0,2000.0,8.702,9.702,979.963152890625
100,11,7,valid,7,0.2,100.0,100.0,500,0.948,0.0,0.0,0.052,219.16652852148192,2000.0,8.818,9.818,993.026325234375
100,11,7,invalid,7,0.2,100.0,100.0,500,0.0,0.0,0.212,0.788,1603.087104291936,2000.0,8.736,9.736,983.79201375
100,11,7,valid,0,0.4,100.0,100.0,500,0.546,0.0,0.0,0.454,976.135761024126,2000.0,6.61,7.61,744.375596484375
100,11,7,invalid,0,0.4,100.0,100.0,500,0.0,0.55,0.0,0.45,968.7042957177746,2000.0,6.668,7.668,750.90718265625
100,11,7,valid,6,0.4,100.0,100.0,500,0.546,0.0,0.0,0.454,976.4505377640427,2000.0,6.674,7.674,751.582863984375
100,11,7,invalid,6,0.4,100.0,100.0,500,0.0,0.0,0.0,1.0,2000.0,2000.0,6.602,7.602,743.474688046875
100,11,7,valid,7,0.4,100.0,100.0,500,0.512,0.0,0.0,0.488,1040.0129195287866,2000.0,6.552,7.552,737.8440103125
100,11,7,invalid,7,0.4,100.0,100.0,500,0.0,0.0,0.02,0.98,1962.5796066194757,2000.0,6.612,7.612,744.60082359375
200,5,3,valid,0,0.0,10.0,10.0,500,1.0,0.0,0.0,0.0,200.4982100778728,201.76196106749046,5,6,1119.9357747395834
200,5,3,invalid,0,0.0,10.0,10.0,500,0.0,1.0,0.0,0.0,200.5005455743188,201.81313119606799,5,6,1119.9357747395834
200,5,3,valid,2,0.0,10.0,10.0,500,1.0,0.0,0.0,0.0,200.58244615848744,201.88871509051492,5,6,1119.9357747395834
200,5,3,invalid,2,0.0,10.0,10.0,500,0.0,1.0,0.0,0.0,201.56761123159617,202.92128753983712,5,6,1119.9357747395834
200,5,3,valid,3,0.0,10.0,10.0,500,1.0,0.0,0.0,0.0,200.5000275771587,201.70105267265134,5,6,1119.9357747395834
200,5,3,invalid,3,0.0,10.0,10.0,500,0.0,0.0,1.0,0.0,201.62715276250847,203.06768372997377,5,6,1119.9357747395834
200,5,3,valid,0,0.1,10.0,10.0,500,0.992,0.0,0.0,0.008,215.14268974557066,202.27001763180672,4.504,5.504,1008.8381458854167
200,5,3,invalid,0,0.1,10.0,10.0,500,0.0,0.996,0.0,0.004,207.8808092910728,202.2003806205839,4.518,5.518,1011.9739660546876
200,5,3,valid,2,0.1,10.0,10.0,500,0.988,0.0,0.0,0.012,222.24617581531587,202.113971651427,4.528,5.528,1014.2138376041668
200,5,3,invalid,2,0.1,10.0,10.0,500,0.0,0.746,0.0,0.254,658.4547175815899,2000.0,4.498,5.498,1007.4942229557292
200,5,3,valid,3,0.1,10.0,10.0,500,0.992,0.0,0.0,0.008,215.15888144974497,202.18670995296392,4.474,5.474,1002.1185312369793
200,5,3,invalid,3,0.1,10.0,10.0,500,0.0,0.0,0.696,0.304,748.375642131096,2000.0,4.454,5.454,997.6387881380209
200,5,3,valid,0,0.2,10.0,10.0,500,0.958,0.0,0.0,0.042,276.52208453209704,203.18975002818098,4.026,5.026,901.7722858203125
200,5,3,invalid,0,0.2,10.0,10.0,500,0.0,0.942,0.0,0.058,305.278497889328,2000.0,4.002,5.002,896.3965941015625
200,5,3,valid,2,0.2,10.0,10.0,500,0.952,0.0,0.0,0.048,287.26061593266166,203.07313101685182,4.052,5.052,907.5959518489584
200,5,3,invalid,2,0.2,10.0,10.0,500,0.0,0.504,0.0,0.496,1093.6175990313948,2000.0,4.024,5.024,901.3243115104167
200,5,3,valid,3,0.2,10.0,10.0,500,0.944,0.0,0.0,0.056,301.75753457472024,2000.0,3.988,4.988,893.2607739322917
200,5,3,invalid,3,0.2,10.0,10.0,500,0.0,0.0,0.498,0.502,1104.4205532097556,2000.0,3.984,4.984,892.3648253125001
200,5,3,valid,0,0.4,10.0,10.0,500,0.684,0.0,0.0,0.316,769.7208922610615,2000.0,2.96,3.96,663.0019786458333
200,5,3,invalid,0,0.4,10.0,10.0,500,0.0,0.718,0.0,0.282,708.4631060466006,2000.0,3.094,4.094,693.0162574088542
200,5,3,valid,2,0.4,10.0,10.0,500,0.714,0.0,0.0,0.286,715.6445936171727,2000.0,3.066,4.066,686.7446170703125
200,5,3,invalid,2,0.4,10.0,10.0,500,0.0,0.23,0.0,0.77,1586.3299461743056,2000.0,3.04,4.04,680.9209510416667
200,5,3,valid,3,0.4,10.0,10.0,500,0.698,0.0,0.0,0.302,744.4476026760525,2000.0,2.948,3.948,660.3141327864583
200,5,3,invalid,3,0.4,10.0,10.0,500,0.0,0.0,0.232,0.768,1582.8104179393908,2000.0,3.022,4.022,676.8891822526042
200,5,3,valid,0,0.0,10.0,50.0,500,1.0,0.0,0.0,0.0,240.1316062086108,246.3766340222221,5,6,1119.9357747395834
200,5,3,invalid,0,0.0,10.0,50.0,500,0.0,1.0,0.0,0.0,240.58861440831,246.4498865087528,5,6,1119.9357747395834
200,5,3,valid,2,0.0,10.0,50.0,500,1.0,0.0,0.0,0.0,240.68389652488352,246.94275713661048,5,6,1119.9357747395834
200,5,3,invalid,2,0.0,10.0,50.0,500,0.0,1.0,0.0,0.0,245.80393657041358,250.39957121478932,5,6,1119.9357747395834
200,5,3,valid,3,0.0,10.0,50.0,500,1.0,0.0,0.0,0.0,240.69287444424498,247.14153518385166,5,6,1119.9357747395834
200,5,3,invalid,3,0.0,10.0,50.0,500,0.0,0.0,1.0,0.0,245.60645079756446,250.28751380903594,5,6,1119.9357747395834
200,5,3,valid,0,0.1,10.0,50.0,500,0.998,0.0,0.0,0.002,245.08696674649215,248.26399116699844,4.558,5.558,1020.9334522526042
200,5,3,invalid,0,0.1,10.0,50.0,500,0.0,0.992,0.0,0.008,255.25263122230928,248.7345361608883,4.508,5.508,1009.7340945052084
200,5,3,valid,2,0.1,10.0,50.0,500,0.994,0.0,0.0,0.006,252.1359119230916,248.5274970482496,4.462,5.462,999.4306853776043
200,5,3,invalid,2,0.1,10.0,50.0,500,0.0,0.748,0.0,0.252,687.8105877884109,2000.0,4.522,5.522,1012.8699146744792
200,5,3,valid,3,0.1,10.0,50.0,500,0.996,0.0,0.0,0.004,248.79338826172244,248.27302328312467,4.46,5.46,998.9827110677084
200,5,3,invalid,3,0.1,10.0,50.0,500,0.0,0.0,0.764,0.236,659.7417972446547,2000.0,4.528,5.528,1014.2138376041668
200,5,3,valid,0,0.2,10.0,50.0,500,0.932,0.0,0.0,0.068,361.9148696733906,2000.0,3.996,4.996,895.0526711718751
200,5,3,invalid,0,0.2,10.0,50.0,500,0.0,0.94,0.0,0.06,347.8026693669523,2000.0,4.004,5.004,896.8445684114583
200,5,3,valid,2,0.2,10.0,50.0,500,0.94,0.0,0.0,0.06,347.89039521531294,2000.0,4.012,5.012,898.6364656510417
200,5,3,invalid,2,0.2,10.0,50.0,500,0.0,0.516,0.0,0.484,1094.9016720448512,2000.0,3.99,4.99,893.7087482421875
200,5,3,valid,3,0.2,10.0,50.0,500,0.938,0.0,0.0,0.062,351.5569704936805,2000.0,3.982,4.982,891.9168510026042
200,5,3,invalid,3,0.2,10.0,50.0,500,0.0,0.0,0.516,0.484,1094.6282008061662,2000.0,3.934,4.934,881.1654675651042
200,5,3,valid,0,0.4,10.0,50.0,500,0.688,0.0,0.0,0.312,791.863951187355,2000.0,2.99,3.99,669.7215932942709
200,5,3,invalid,0,0.4,10.0,50.0,500,0.0,0.716,0.0,0.284,742.8676780847746,2000.0,3.01,4.01,674.2013363932292
200,5,3,valid,2,0.4,10.0,50.0,500,0.662,0.0,0.0,0.338,837.3041166335236,2000.0,2.946,3.946,659.8661584765625
200,5,3,invalid,2,0.4,10.0,50.0,500,0.0,0.2,0.0,0.8,1649.1383826915612,2000.0,2.962,3.962,663.4499529557293
200,5,3,valid,3,0.4,10.0,50.0,500,0.672,0.0,0.0,0.328,819.8193900424742,2000.0,2.982,3.982,667.9296960546875
200,5,3,invalid,3,0.4,10.0,50.0,500,0.0,0.0,0.192,0.808,1663.107973623143,2000.0,2.922,3.922,654.4904667578126
200,5,3,valid,0,0.0,10.0,100.0,500,1.0,0.0,0.0,0.0,290.6626559857696,303.02978087328455,5,6,1119.9357747395834
200,5,3,invalid,0,0.0,10.0,100.0,500,0.0,1.0,0.0,0.0,290.37580516478215,302.44677388834054,5,6,1119.9357747395834
200,5,3,valid,2,0.0,10.0,100.0,500,1.0,0.0,0.0,0.0,290.95673936025344,302.8988089091772,5,6,1119.9357747395834
200,5,3,invalid,2,0.0,10.0,100.0,500,0.0,1.0,0.0,0.0,300.8271079925788,309.8759868126996,5,6,1119.9357747395834
200,5,3,valid,3,0.0,10.0,100.0,500,1.0,0.0,0.0,0.0,290.23655523404767,303.0804232185135,5,6,1119.9357747395834
200,5,3,invalid,3,0.0,10.0,100.0,500,0.0,0.0,1.0,0.0,300.15364011792633,309.7509388389885,5,6,1119.9357747395834
200,5,3,valid,0,0.1,10.0,100.0,500,0.982,0.0,0.0,0.018,322.5334003028257,307.0010768715848,4.44,5.44,994.50296796875
200,5,3,invalid,0,0.1,10.0,100.0,500,0.0,0.99,0.0,0.01,309.50015770579625,306.9477020180837,4.512,5.512,1010.630043125
200,5,3,valid,2,0.1,10.0,100.0,500,0.99,0.0,0.0,0.01,309.6436085525148,306.75077506914147,4.492,5.492,1006.1503000260417
200,5,3,invalid,2,0.1,10.0,100.0,500,0.0,0.744,0.0,0.256,735.5959219657569,2000.0,4.54,5.54,1016.9016834635418
200,5,3,valid,3,0.1,10.0,100.0,500,0.99,0.0,0.0,0.01,309.75092705792093,307.1495075375265,4.508,5.508,1009.7340945052084
200,5,3,invalid,3,0.1,10.0,100.0,500,0.0,0.0,0.736,0.264,749.2545538040143,2000.0,4.51,5.51,1010.1820688151042
200,5,3,valid,0,0.2,10.0,100.0,500,0.96,0.0,0.0,0.04,362.12968470410635,309.9113216503814,4.044,5.044,905.804054609375
200,5,3,invalid,0,0.2,10.0,100.0,500,0.0,0.954,0.0,0.046,373.29134201839463,310.3760822739428,4.038,5.038,904.4601316796875
200,5,3,valid,2,0.2,10.0,100.0,500,0.948,0.0,0.0,0.052,383.7231944237442,2000.0,3.94,4.94,882.5093904947917
200,5,3,invalid,2,0.2,10.0,100.0,500,0.0,0.542,0.0,0.458,1078.7756902915812,2000.0,4.036,5.036,904.0121573697917
200,5,3,valid,3,0.2,10.0,100.0,500,0.962,0.0,0.0,0.038,359.6052633016284,309.68812460359055,4.058,5.058,908.9398747786458
200,5,3,invalid,3,0.2,10.0,100.0,500,0.0,0.0,0.484,0.516,1177.5339580964496,2000.0,3.962,4.962,887.4371079036459
200,5,3,valid,0,0.4,10.0,100.0,500,0.686,0.0,0.0,0.314,831.7976600269368,2000.0,3.016,4.016,675.5452593229166
200,5,3,invalid,0,0.4,10.0,100.0,500,0.0,0.682,0.0,0.318,838.6329657715604,2000.0,2.986,3.986,668.8256446744792
200,5,3,valid,2,0.4,10.0,100.0,500,0.668,0.0,0.0,0.332,862.9659246925359,2000.0,2.958,3.958,662.5540043359375
200,5,3,invalid,2,0.4,10.0,100.0,500,0.0,0.202,0.0,0.798,1656.6992348498266,2000.0,2.984,3.984,668.3776703645834
200,5,3,valid,3,0.4,10.0,100.0,500,0.67,0.0,0.0,0.33,859.0195151446013,2000.0,2.964,3.964,663.8979272656251
200,5,3,invalid,3,0.4,10.0,100.0,500,0.0,0.0,0.242,0.758,1588.5479286951354,2000.0,2.958,3.958,662.5540043359375
200,5,3,valid,0,0.0,100.0,10.0,500,1.0,0.0,0.0,0.0,35.33242227101331,36.57156884857037,5,6,1119.9357747395834
200,5,3,invalid,0,0.0,100.0,10.0,500,0.0,1.0,0.0,0.0,35.35712461031773,36.5644373406853,5,6,1119.9357747395834
200,5,3,valid,2,0.0,100.0,10.0,500,1.0,0.0,0.0,0.0,35.438184299438326,36.60938890576646,5,6,1119.9357747395834
200,5,3,invalid,2,0.0,100.0,10.0,500,0.0,1.0,0.0,0.0,36.47617200185332,37.87316693917677,5,6,1119.9357747395834
200,5,3,valid,3,0.0,100.0,10.0,500,1.0,0.0,0.0,0.0,35.33884516651934,36.52734725222295,5,6,1119.9357747395834
200,5,3,invalid,3,0.0,100.0,10.0,500,0.0,0.0,1.0,0.0,36.437922238635544,37.8939789909535,5,6,1119.9357747395834
200,5,3,valid,0,0.1,100.0,10.0,500,0.992,0.0,0.0,0.008,51.22526405503361,37.11396984129356,4.568,5.568,1023.1733238020834
200,5,3,invalid,0,0.1,100.0,10.0,500,0.0,0.986,0.0,0.014,63.06787607904664,37.02960388471423,4.534,5.534,1015.5577605338542
200,5,3,valid,2,0.1,100.0,10.0,500,0.996,0.0,0.0,0.004,43.50270401507295,37.135013725771955,4.532,5.532,1015.1097862239584
200,5,3,invalid,2,0.1,100.0,10.0,500,0.0,0.736,0.0,0.264,554.879891857215,2000.0,4.526,5.526,1013.7658632942708
200,5,3,valid,3,0.1,100.0,10.0,500,0.99,0.0,0.0,0.01,55.22036082618133,37.14286398994051,4.508,5.508,1009.7340945052084
200,5,3,invalid,3,0.1,100.0,10.0,500,0.0,0.0,0.736,0.264,554.88962646457,2000.0,4.526,5.526,1013.7658632942708
200,5,3,valid,0,0.2,100.0,10.0,500,0.924,0.0,0.0,0.076,185.11592998276606,2000.0,4.03,5.03,902.6682344401042
200,5,3,invalid,0,0.2,100.0,10.0,500,0.0,0.944,0.0,0.056,145.8110871466409,2000.0,3.968,4.968,888.7810308333334
200,5,3,valid,2,0.2,100.0,10.0,500,0.93,0.0,0.0,0.07,173.2116630673807,2000.0,4.016,5.016,899.5324142708333
200,5,3,invalid,2,0.2,100.0,10.0,500,0.0,0.532,0.0,0.468,955.4049413547618,2000.0,4.044,5.044,905.804054609375
200,5,3,valid,3,0.2,100.0,10.0,500,0.932,0.0,0.0,0.068,169.35544352508873,2000.0,4.024,5.024,901.3243115104167
200,5,3,invalid,3,0.2,100.0,10.0,500,0.0,0.0,0.518,0.482,982.8811734776236,2000.0,4.068,5.068,911.179746328125
200,5,3,valid,0,0.4,100.0,10.0,500,0.634,0.0,0.0,0.366,754.8856397613222,2000.0,2.958,3.958,662.5540043359375
200,5,3,invalid,0,0.4,100.0,10.0,500,0.0,0.7,0.0,0.3,625.2713088563908,2000.0,3.02,4.02,676.4412079427084
200,5,3,valid,2,0.4,100.0,10.0,500,0.678,0.0,0.0,0.322,668.5399739198206,2000.0,2.986,3.986,668.8256446744792
200,5,3,invalid,2,0.4,100.0,10.0,500,0.0,0.19,0.0,0.81,1626.9340478042916,2000.0,3.002,4.002,672.4094391536458
200,5,3,valid,3,0.4,100.0,10.0,500,0.688,0.0,0.0,0.312,648.8116321143918,2000.0,2.998,3.998,671.5134905338542
200,5,3,invalid,3,0.4,100.0,10.0,500,0.0,0.0,0.222,0.778,1564.1022087998404,2000.0,3.072,4.072,688.0885400000001
200,5,3,valid,0,0.0,100.0,50.0,500,1.0,0.0,0.0,0.0,75.53867969790234,81.5840818437525,5,6,1119.9357747395834
200,5,3,invalid,0,0.0,100.0,50.0,500,0.0,1.0,0.0,0.0,75.46491076773982,81.56406907068774,5,6,1119.9357747395834
200,5,3,valid,2,0.0,100.0,50.0,500,1.0,0.0,0.0,0.0,75.38689070705452,81.71540547335432,5,6,1119.9357747395834
200,5,3,invalid,2,0.0,100.0,50.0,500,0.0,1.0,0.0,0.0,80.22967482680123,85.1138110202892,5,6,1119.9357747395834
200,5,3,valid,3,0.0,100.0,50.0,500,1.0,0.0,0.0,0.0,75.50954498177214,81.25455393796662,5,6,1119.9357747395834
200,5,3,invalid,3,0.0,100.0,50.0,500,0.0,0.0,1.0,0.0,80.56682677219989,85.19069724473549,5,6,1119.9357747395834
200,5,3,valid,0,0.1,100.0,50.0,500,0.99,0.0,0.0,0.01,95.74083010765385,83.02679639456741,4.492,5.492,1006.1503000260417
200,5,3,invalid,0,0.1,100.0,50.0,500,0.0,0.986,0.0,0.014,103.25327934479051,83.76415937707637,4.448,5.448,996.2948652083334
200,5,3,valid,2,0.1,100.0,50.0,500,0.986,0.0,0.0,0.014,103.36617618248104,83.53541050684754,4.476,5.476,1002.5665055468751
200,5,3,invalid,2,0.1,100.0,50.0,500,0.0,0.716,0.0,0.284,625.4725217830361,2000.0,4.488,5.488,1005.2543514062501
200,5,3,valid,3,0.1,100.0,50.0,500,0.994,0.0,0.0,0.006,88.02847800420054,83.21459922209021,4.504,5.504,1008.8381458854167
200,5,3,invalid,3,0.1,100.0,50.0,500,0.0,0.0,0.714,0.286,629.1401530067286,2000.0,4.492,5.492,1006.1503000260417
200,5,3,valid,0,0.2,100.0,50.0,500,0.948,0.0,0.0,0.052,177.32245273693795,2000.0,4.06,5.06,909.3878490885418
200,5,3,invalid,0,0.2,100.0,50.0,500,0.0,0.944,0.0,0.056,184.63671548229536,2000.0,4.056,5.056,908.49190046875
200,5,3,valid,2,0.2,100.0,50.0,500,0.942,0.0,0.0,0.058,188.9907252006084,2000.0,3.956,4.956,886.0931849739584
200,5,3,invalid,2,0.2,100.0,50.0,500,0.0,0.524,0.0,0.476,994.1773274164137,2000.0,4.006,5.006,897.2925427213543
200,5,3,valid,3,0.2,100.0,50.0,500,0.93,0.0,0.0,0.07,211.46498776537769,2000.0,4.072,5.072,912.0756949479168
200,5,3,invalid,3,0.2,100.0,50.0,500,0.0,0.0,0.512,0.488,1016.9857419766424,2000.0,4.052,5.052,907.5959518489584
200,5,3,valid,0,0.4,100.0,50.0,500,0.69,0.0,0.0,0.31,674.2907144918437,2000.0,3.012,4.012,674.649310703125
200,5,3,invalid,0,0.4,100.0,50.0,500,0.0,0.65,0.0,0.35,751.3437781853069,2000.0,2.914,3.914,652.6985695182292
200,5,3,valid,2,0.4,100.0,50.0,500,0.688,0.0,0.0,0.312,678.0770984722674,2000.0,2.984,3.984,668.3776703645834
200,5,3,invalid,2,0.4,100.0,50.0,500,0.0,0.22,0.0,0.78,1577.8723326224635,2000.0,3.064,4.064,686.2966427604167
200,5,3,valid,3,0.4,100.0,50.0,500,0.662,0.0,0.0,0.338,728.2732339866361,2000.0,2.958,3.958,662.5540043359375
200,5,3,invalid,3,0.4,100.0,50.0,500,0.0,0.0,0.238,0.762,1543.161255344037,2000.0,3.018,4.018,675.9932336328126
200,5,3,valid,0,0.0,100.0,100.0,500,1.0,0.0,0.0,0.0,124.9743290426448,137.30915336035505,5,6,1119.9357747395834
200,5,3,invalid,0,0.0,100.0,100.0,500,0.0,1.0,0.0,0.0,125.25958476350647,137.23966874975,5,6,1119.9357747395834
200,5,3,valid,2,0.0,100.0,100.0,500,1.0,0.0,0.0,0.0,124.90296146904032,138.43456240584655,5,6,1119.9357747395834
200,5,3,invalid,2,0.0,100.0,100.0,500,0.0,1.0,0.0,0.0,134.83509844649734,144.63010945485175,5,6,1119.9357747395834
200,5,3,valid,3,0.0,100.0,100.0,500,1.0,0.0,0.0,0.0,125.41689003523788,138.28004048556912,5,6,1119.9357747395834
200,5,3,invalid,3,0.0,100.0,100.0,500,0.0,0.0,1.0,0.0,135.71611663501565,144.62463525121575,5,6,1119.9357747395834
200,5,3,valid,0,0.1,100.0,100.0,500,0.992,0.0,0.0,0.008,142.46226492173255,141.29598959060692,4.54,5.54,1016.9016834635418
200,5,3,invalid,0,0.1,100.0,100.0,500,0.0,0.994,0.0,0.006,138.83632650351208,141.32294553317067,4.44,5.44,994.50296796875
200,5,3,valid,2,0.1,100.0,100.0,500,0.992,0.0,0.0,0.008,142.1339528217908,141.5704543343514,4.526,5.526,1013.7658632942708
200,5,3,invalid,2,0.1,100.0,100.0,500,0.0,0.764,0.0,0.236,575.7304762885221,2000.0,4.596,5.596,1029.444964140625
200,5,3,valid,3,0.1,100.0,100.0,500,0.99,0.0,0.0,0.01,146.30304901829064,142.05214157599835,4.502,5.502,1008.3901715755209
200,5,3,invalid,3,0.1,100.0,100.0,500,0.0,0.0,0.744,0.256,612.7969593066207,2000.0,4.508,5.508,1009.7340945052084
200,5,3,valid,0,0.2,100.0,100.0,500,0.958,0.0,0.0,0.042,207.44294820645493,144.4336593979376,4.058,5.058,908.9398747786458
200,5,3,invalid,0,0.2,100.0,100.0,500,0.0,0.95,0.0,0.05,223.44472670464955,146.18258928623428,4.064,5.064,910.2837977083334
200,5,3,valid,2,0.2,100.0,100.0,500,0.946,0.0,0.0,0.054,230.4888777571521,2000.0,3.946,4.946,883.8533134244792
200,5,3,invalid,2,0.2,100.0,100.0,500,0.0,0.522,0.0,0.478,1026.0785231913455,2000.0,4.012,5.012,898.6364656510417
200,5,3,valid,3,0.2,100.0,100.0,500,0.946,0.0,0.0,0.054,230.51382461487688,2000.0,3.98,4.98,891.4688766927084
200,5,3,invalid,3,0.2,100.0,100.0,500,0.0,0.0,0.518,0.482,1034.6338196776185,2000.0,4.008,5.008,897.7405170312501
200,5,3,valid,0,0.4,100.0,100.0,500,0.698,0.0,0.0,0.302,696.0689316069884,2000.0,3.056,4.056,684.5047455208334
200,5,3,invalid,0,0.4,100.0,100.0,500,0.0,0.68,0.0,0.32,729.7548713910552,2000.0,2.962,3.962,663.4499529557293
200,5,3,valid,2,0.4,100.0,100.0,500,0.648,0.0,0.0,0.352,789.4727329946951,2000.0,2.942,3.942,658.9702098567709
200,5,3,invalid,2,0.4,100.0,100.0,500,0.0,0.198,0.0,0.802,1630.9702646686155,2000.0,2.96,3.96,663.0019786458333
200,5,3,valid,3,0.4,100.0,100.0,500,0.704,0.0,0.0,0.296,684.6660508196546,2000.0,3.05,4.05,683.1608225911459
200,5,3,invalid,3,0.4,100.0,100.0,500,0.0,0.0,0.224,0.776,1582.7157999807305,2000.0,3.006,4.006,673.3053877734376
200,11,7,valid,0,0.0,10.0,10.0,500,1.0,0.0,0.0,0.0,200.8696293702266,201.7078832665277,11,12,2463.0491015625003
200,11,7,invalid,0,0.0,10.0,10.0,500,0.0,1.0,0.0,0.0,200.81709905357943,201.7285217079885,11,12,2463.0491015625003
200,11,7,valid,6,0.0,10.0,10.0,500,1.0,0.0,0.0,0.0,200.83132411409184,201.61711817158505,11,12,2463.0491015625003
200,11,7,invalid,6,0.0,10.0,10.0,500,0.0,0.0,0.0,1.0,2000.0,2000.0,11,12,2463.0491015625003
200,11,7,valid,7,0.0,10.0,10.0,500,1.0,0.0,0.0,0.0,200.82334984409036,201.6750865626998,11,12,2463.0491015625003
200,11,7,invalid,7,0.0,10.0,10.0,500,0.0,0.0,1.0,0.0,202.2264267977326,203.18978344331907,11,12,2463.0491015625003
200,11,7,valid,0,0.1,10.0,10.0,500,0.998,0.0,0.0,0.002,204.681548264127,202.13041321514862,9.954,10.954,2228.835523359375
200,11,7,invalid,0,0.1,10.0,10.0,500,0.0,0.998,0.0,0.002,204.70103777610385,202.09714311728337,9.884,10.884,2213.16157453125
200,11,7,valid,6,0.1,10.0,10.0,500,0.996,0.0,0.0,0.004,208.33216421578314,202.2642312835963,9.86,10.86,2207.78764921875
200,11,7,invalid,6,0.1,10.0,10.0,500,0.0,0.0,0.0,1.0,2000.0,2000.0,9.916,10.916,2220.32680828125
200,11,7,valid,7,0.1,10.0,10.0,500,1.0,0.0,0.0,0.0,201.07040990818592,202.01234604735004,9.954,10.954,2228.835523359375
200,11,7,invalid,7,0.1,10.0,10.0,500,0.0,0.0,0.48,0.52,1137.1032041200924,2000.0,9.924,10.924,2222.11811671875
200,11,7,valid,0,0.2,10.0,10.0,500,0.958,0.0,0.0,0.042,276.92254255581275,203.13473966287225,8.828,9.828,1976.7088607812502
200,11,7,invalid,0,0.2,10.0,10.0,500,0.0,0.946,0.0,0.054,298.5455100721271,2000.0,8.778,9.778,1965.5131830468752
200,11,7,valid,6,0.2,10.0,10.0,500,0.938,0.0,0.0,0.062,312.9357951751044,2000.0,8.756,9.756,1960.58708484375
200,11,7,invalid,6,0.2,10.0,10.0,500,0.0,0.0,0.0,1.0,2000.0,2000.0,8.788,9.788,1967.75231859375
200,11,7,valid,7,0.2,10.0,10.0,500,0.944,0.0,0.0,0.056,302.1340870844521,2000.0,8.848,9.848,1981.1871318750002
200,11,7,invalid,7,0.2,10.0,10.0,500,0.0,0.0,0.224,0.776,1597.286704632475,2000.0,8.87,9.87,1986.113230078125
200,11,7,valid,0,0.4,10.0,10.0,500,0.51,0.0,0.0,0.49,1082.8879298279912,2000.0,6.61,7.61,1480.0685964843751
200,11,7,invalid,0,0.4,10.0,10.0,500,0.0,0.552,0.0,0.448,1007.4451324903195,2000.0,6.622,7.622,1482.755559140625
200,11,7,valid,6,0.4,10.0,10.0,500,0.526,0.0,0.0,0.474,1054.1734771632046,2000.0,6.594,7.594,1476.4859796093751
200,11,7,invalid,6,0.4,10.0,10.0,500,0.0,0.0,0.0,1.0,2000.0,2000.0,6.524,7.524,1460.81203078125
200,11,7,valid,7,0.4,10.0,10.0,500,0.546,0.0,0.0,0.454,1018.1907990849113,2000.0,6.644,7.644,1487.6816573437502
200,11,7,invalid,7,0.4,10.0,10.0,500,0.0,0.0,0.018,0.982,1967.6400866568388,2000.0,6.638,7.638,1486.338176015625
200,11,7,valid,0,0.0,10.0,50.0,500,1.0,0.0,0.0,0.0,242.2364424122866,246.49369079447408,11,12,2463.0491015625003
200,11,7,invalid,0,0.0,10.0,50.0,500,0.0,1.0,0.0,0.0,241.9494095745796,246.04602968093835,11,12,2463.0491015625003
200,11,7,valid,6,0.0,10.0,50.0,500,1.0,0.0,0.0,0.0,242.3377149322076,246.5225874422048,11,12,2463.0491015625003
200,11,7,invalid,6,0.0,10.0,50.0,500,0.0,0.0,0.0,1.0,2000.0,2000.0,11,12,2463.0491015625003
200,11,7,valid,7,0.0,10.0,50.0,500,1.0,0.0,0.0,0.0,242.1845279202882,247.04554564058134,11,12,2463.0491015625003
200,11,7,invalid,7,0.0,10.0,50.0,500,0.0,0.0,1.0,0.0,247.91920261093242,250.6522237365777,11,12,2463.0491015625003
200,11,7,valid,0,0.1,10.0,50.0,500,1.0,0.0,0.0,0.0,243.51223974304602,248.3391520517758,9.916,10.916,2220.32680828125
200,11,7,invalid,0,0.1,10.0,50.0,500,0.0,0.992,0.0,0.008,257.3871987319568,247.99659842955393,9.942,10.942,2226.148560703125
200,11,7,valid,6,0.1,10.0,50.0,500,0.996,0.0,0.0,0.004,250.5373670994517,248.14991904291364,9.932,10.932,2223.90942515625
200,11,7,invalid,6,0.1,10.0,50.0,500,0.0,0.0,0.0,1.0,2000.0,2000.0,9.902,10.902,2217.192018515625
200,11,7,valid,7,0.1,10.0,50.0,500,1.0,0.0,0.0,0.0,243.3986671794003,248.1308318461064,9.93,10.93,2223.461598046875
200,11,7,invalid,7,0.1,10.0,50.0,500,0.0,0.0,0.488,0.512,1145.0265759477006,2000.0,9.922,10.922,2221.6702896093752
200,11,7,valid,0,0.2,10.0,50.0,500,0.948,0.0,0.0,0.052,336.00053196051863,2000.0,8.786,9.786,1967.3044914843751
200,11,7,invalid,0,0.2,10.0,50.0,500,0.0,0.936,0.0,0.064,357.3020029812509,2000.0,8.676,9.676,1942.6740004687501
200,11,7,valid,6,0.2,10.0,50.0,500,0.948,0.0,0.0,0.052,335.94111288695547,2000.0,8.772,9.772,1964.16970171875
200,11,7,invalid,6,0.2,10.0,50.0,500,0.0,0.0,0.0,1.0,2000.0,2000.0,8.766,9.766,1962.8262203906252
200,11,7,valid,7,0.2,10.0,50.0,500,0.944,0.0,0.0,0.056,342.90520980753246,2000.0,8.792,9.792,1968.6479728125
200,11,7,invalid,7,0.2,10.0,50.0,500,0.0,0.0,0.204,0.796,1642.6346655009227,2000.0,8.872,9.872,1986.5610571875002
200,11,7,valid,0,0.4,10.0,50.0,500,0.5,0.0,0.0,0.5,1123.2284049006807,2000.0,6.474,7.474,1449.616353046875
200,11,7,invalid,0,0.4,10.0,50.0,500,0.0,0.534,0.0,0.466,1063.6197947366406,2000.0,6.646,7.646,1488.129484453125
200,11,7,valid,6,0.4,10.0,50.0,500,0.528,0.0,0.0,0.472,1074.2004508492396,2000.0,6.586,7.586,1474.6946711718751
200,11,7,invalid,6,0.4,10.0,50.0,500,0.0,0.0,0.0,1.0,2000.0,2000.0,6.628,7.628,1484.09904046875
200,11,7,valid,7,0.4,10.0,50.0,500,0.518,0.0,0.0,0.482,1091.7935017503037,2000.0,6.51,7.51,1457.6772410156252
200,11,7,invalid,7,0.4,10.0,50.0,500,0.0,0.0,0.028,0.972,1950.964605405373,2000.0,6.608,7.608,1479.620769375
200,11,7,valid,0,0.0,10.0,100.0,500,1.0,0.0,0.0,0.0,293.6916244077715,302.316387484713,11,12,2463.0491015625003
200,11,7,invalid,0,0.0,10.0,100.0,500,0.0,1.0,0.0,0.0,293.94402403741094,302.5983084972913,11,12,2463.0491015625003
200,11,7,valid,6,0.0,10.0,100.0,500,1.0,0.0,0.0,0.0,293.50985175396806,301.25304252233207,11,12,2463.0491015625003
200,11,7,invalid,6,0.0,10.0,100.0,500,0.0,0.0,0.0,1.0,2000.0,2000.0,11,12,2463.0491015625003
200,11,7,valid,7,0.0,10.0,100.0,500,1.0,0.0,0.0,0.0,294.1051286460239,302.79125274192006,11,12,2463.0491015625003
200,11,7,invalid,7,0.0,10.0,100.0,500,0.0,0.0,1.0,0.0,305.67284917219996,310.4951467586264,11,12,2463.0491015625003
200,11,7,valid,0,0.1,10.0,100.0,500,1.0,0.0,0.0,0.0,296.2699701465716,306.083774821856,9.894,10.894,2215.400710078125
200,11,7,invalid,0,0.1,10.0,100.0,500,0.0,0.996,0.0,0.004,303.09138460213563,306.45942018452143,9.874,10.874,2210.9224389843753
200,11,7,valid,6,0.1,10.0,100.0,500,0.996,0.0,0.0,0.004,302.8663418654152,306.1600315077088,9.878,10.878,2211.818093203125
200,11,7,invalid,6,0.1,10.0,100.0,500,0.0,0.0,0.0,1.0,2000.0,2000.0,9.806,10.806,2195.696317265625
200,11,7,valid,7,0.1,10.0,100.0,500,0.998,0.0,0.0,0.002,300.1330407092843,306.1733442474356,9.854,10.854,2206.444167890625
200,11,7,invalid,7,0.1,10.0,100.0,500,0.0,0.0,0.444,0.556,1247.6388937506542,2000.0,9.826,10.826,2200.1745883593753
200,11,7,valid,0,0.2,10.0,100.0,500,0.962,0.0,0.0,0.038,363.43866004150203,309.5826400305805,8.916,9.916,1996.4132535937501
200,11,7,invalid,0,0.2,10.0,100.0,500,0.0,0.954,0.0,0.046,376.8385842741665,310.7268597672685,8.83,9.83,1977.156687890625
200,11,7,valid,6,0.2,10.0,100.0,500,0.946,0.0,0.0,0.054,390.81436131495644,2000.0,8.8,9.8,1970.4392812500002
200,11,7,invalid,6,0.2,10.0,100.0,500,0.0,0.0,0.0,1.0,2000.0,2000.0,8.856,9.856,1982.9784403125002
200,11,7,valid,7,0.2,10.0,100.0,500,0.962,0.0,0.0,0.038,363.82336397665233,309.70826027672194,8.866,9.866,1985.217575859375
200,11,7,invalid,7,0.2,10.0,100.0,500,0.0,0.0,0.22,0.78,1627.2435278152916,2000.0,8.872,9.872,1986.5610571875002
200,11,7,valid,0,0.4,10.0,100.0,500,0.544,0.0,0.0,0.456,1076.6593136061806,2000.0,6.538,7.538,1463.9468205468752
200,11,7,invalid,0,0.4,10.0,100.0,500,0.0,0.584,0.0,0.416,1008.6318721186818,2000.0,6.778,7.778,1517.6860736718752
200,11,7,valid,6,0.4,10.0,100.0,500,0.526,0.0,0.0,0.474,1106.9772937336932,2000.0,6.588,7.588,1475.14249828125
200,11,7,invalid,6,0.4,10.0,100.0,500,0.0,0.0,0.0,1.0,2000.0,2000.0,6.45,7.45,1444.242427734375
200,11,7,valid,7,0.4,10.0,100.0,500,0.54,0.0,0.0,0.46,1083.5110666290914,2000.0,6.604,7.604,1478.72511515625
200,11,7,invalid,7,0.4,10.0,100.0,500,0.0,0.0,0.032,0.968,1945.7842158935534,2000.0,6.692,7.692,1498.4295079687502
200,11,7,valid,0,0.0,100.0,10.0,500,1.0,0.0,0.0,0.0,35.73381516061989,36.54515279783003,11,12,2463.0491015625003
200,11,7,invalid,0,0.0,100.0,10.0,500,0.0,1.0,0.0,0.0,35.73587663084431,36.657950109891104,11,12,2463.0491015625003
200,11,7,valid,6,0.0,100.0,10.0,500,1.0,0.0,0.0,0.0,35.73078628805885,36.60794179544238,11,12,2463.0491015625003
200,11,7,invalid,6,0.0,100.0,10.0,500,0.0,0.0,0.0,1.0,2000.0,2000.0,11,12,2463.0491015625003
200,11,7,valid,7,0.0,100.0,10.0,500,1.0,0.0,0.0,0.0,35.73253142364099,36.63246752368725,11,12,2463.0491015625003
200,11,7,invalid,7,0.0,100.0,10.0,500,0.0,0.0,1.0,0.0,37.186949079770876,38.083132128202784,11,12,2463.0491015625003
200,11,7,valid,0,0.1,100.0,10.0,500,0.998,0.0,0.0,0.002,39.9877684037946,37.12349648555317,9.934,10.934,2224.357252265625
200,11,7,invalid,0,0.1,100.0,10.0,500,0.0,0.996,0.0,0.004,43.90870730240918,37.076313811130476,9.9,10.9,2216.74419140625
200,11,7,valid,6,0.1,100.0,10.0,500,1.0,0.0,0.0,0.0,36.02572727213234,37.04581039754875,9.84,10.84,2203.3093781250004
200,11,7,invalid,6,0.1,100.0,10.0,500,0.0,0.0,0.0,1.0,2000.0,2000.0,9.894,10.894,2215.400710078125
200,11,7,valid,7,0.1,100.0,10.0,500,1.0,0.0,0.0,0.0,36.03105100140629,37.08457024194762,9.87,10.87,2210.026784765625
200,11,7,invalid,7,0.1,100.0,10.0,500,0.0,0.0,0.504,0.496,1010.7105833747164,2000.0,9.966,10.966,2231.5224860156254
200,11,7,valid,0,0.2,100.0,10.0,500,0.932,0.0,0.0,0.068,169.88099692557057,2000.0,8.684,9.684,1944.4653089062501
200,11,7,invalid,0,0.2,100.0,10.0,500,0.0,0.95,0.0,0.05,134.51842903512,38.17765933073626,8.822,9.822,1975.3653794531251
200,11,7,valid,6,0.2,100.0,10.0,500,0.948,0.0,0.0,0.052,138.44240135256794,2000.0,8.784,9.784,1966.856664375
200,11,7,invalid,6,0.2,100.0,10.0,500,0.0,0.0,0.0,1.0,2000.0,2000.0,8.858,9.858,1983.426267421875
200,11,7,valid,7,0.2,100.0,10.0,500,0.956,0.0,0.0,0.044,122.72424125446713,37.944323010094664,8.886,9.886,1989.695846953125
200,11,7,invalid,7,0.2,100.0,10.0,500,0.0,0.0,0.226,0.774,1556.4113732436401,2000.0,8.892,9.892,1991.0393282812502
200,11,7,valid,0,0.4,100.0,10.0,500,0.51,0.0,0.0,0.49,998.7605294941101,2000.0,6.554,7.554,1467.5294374218752
200,11,7,invalid,0,0.4,100.0,10.0,500,0.0,0.572,0.0,0.428,877.0407151130212,2000.0,6.722,7.722,1505.146914609375
200,11,7,valid,6,0.4,100.0,10.0,500,0.538,0.0,0.0,0.462,943.7268339691726,2000.0,6.616,7.616,1481.4120778125
200,11,7,invalid,6,0.4,100.0,10.0,500,0.0,0.0,0.0,1.0,2000.0,2000.0,6.582,7.582,1473.7990169531251
200,11,7,valid,7,0.4,100.0,10.0,500,0.522,0.0,0.0,0.478,975.1926659211235,2000.0,6.542,7.542,1464.8424747656252
200,11,7,invalid,7,0.4,100.0,10.0,500,0.0,0.0,0.022,0.978,1956.8215208948989,2000.0,6.494,7.494,1454.094624140625
200,11,7,valid,0,0.0,100.0,50.0,500,1.0,0.0,0.0,0.0,77.13346813009474,81.50190510688363,11,12,2463.0491015625003
200,11,7,invalid,0,0.0,100.0,50.0,500,0.0,1.0,0.0,0.0,76.94608359593694,81.36664299047716,11,12,2463.0491015625003
200,11,7,valid,6,0.0,100.0,50.0,500,1.0,0.0,0.0,0.0,77.16946974536148,81.64485131834952,11,12,2463.0491015625003
200,11,7,invalid,6,0.0,100.0,50.0,500,0.0,0.0,0.0,1.0,2000.0,2000.0,11,12,2463.0491015625003
200,11,7,valid,7,0.0,100.0,50.0,500,1.0,0.0,0.0,0.0,77.11439898077252,81.66432657747175,11,12,2463.0491015625003
200,11,7,invalid,7,0.0,100.0,50.0,500,0.0,0.0,1.0,0.0,82.92880153580323,85.73807296241175,11,12,2463.0491015625003
200,11,7,valid,0,0.1,100.0,50.0,500,1.0,0.0,0.0,0.0,78.58022121943692,83.3666122445914,9.88,10.88,2212.2659203125004
200,11,7,invalid,0,0.1,100.0,50.0,500,0.0,0.998,0.0,0.002,82.0183867510668,82.90897501148659,9.922,10.922,2221.6702896093752
200,11,7,valid,6,0.1,100.0,50.0,500,0.998,0.0,0.0,0.002,82.10989755987458,83.18741625688456,9.898,10.898,2216.2963642968753
200,11,7,invalid,6,0.1,100.0,50.0,500,0.0,0.0,0.0,1.0,2000.0,2000.0,9.858,10.858,2207.3398221093753
200,11,7,valid,7,0.1,100.0,50.0,500,0.998,0.0,0.0,0.002,82.17398352525989,82.5911417429015,9.952,10.952,2228.3876962500003
200,11,7,invalid,7,0.1,100.0,50.0,500,0.0,0.0,0.49,0.51,1060.6199630931662,2000.0,9.914,10.914,2219.8789811718752
200,11,7,valid,0,0.2,100.0,50.0,500,0.948,0.0,0.0,0.052,179.58007499386582,2000.0,8.8,9.8,1970.4392812500002
200,11,7,invalid,0,0.2,100.0,50.0,500,0.0,0.936,0.0,0.064,202.48770750440696,2000.0,8.798,9.798,1969.9914541406251
200,11,7,valid,6,0.2,100.0,50.0,500,0.932,0.0,0.0,0.068,210.34301840738348,2000.0,8.732,9.732,1955.21315953125
200,11,7,invalid,6,0.2,100.0,50.0,500,0.0,0.0,0.0,1.0,2000.0,2000.0,8.806,9.806,1971.7827625781251
200,11,7,valid,7,0.2,100.0,50.0,500,0.956,0.0,0.0,0.044,164.1105342358651,85.21119198289126,8.886,9.886,1989.695846953125
200,11,7,invalid,7,0.2,100.0,50.0,500,0.0,0.0,0.182,0.818,1651.113959649755,2000.0,8.682,9.682,1944.0174817968752
200,11,7,valid,0,0.4,100.0,50.0,500,0.496,0.0,0.0,0.504,1048.4837748917375,2000.0,6.578,7.578,1472.9033627343752
200,11,7,invalid,0,0.4,100.0,50.0,500,0.0,0.512,0.0,0.488,1017.7140060723385,2000.0,6.544,7.544,1465.290301875
200,11,7,valid,6,0.4,100.0,50.0,500,0.508,0.0,0.0,0.492,1025.3944871302406,2000.0,6.552,7.552,1467.0816103125
200,11,7,invalid,6,0.4,100.0,50.0,500,0.0,0.0,0.0,1.0,2000.0,2000.0,6.66,7.66,1491.2642742187502
200,11,7,valid,7,0.4,100.0,50.0,500,0.554,0.0,0.0,0.446,937.3816334430056,2000.0,6.596,7.596,1476.93380671875
200,11,7,invalid,7,0.4,100.0,50.0,500,0.0,0.0,0.024,0.976,1954.0017632943188,2000.0,6.63,7.63,1484.546867578125
200,11,7,valid,0,0.0,100.0,100.0,500,1.0,0.0,0.0,0.0,129.0699353526246,137.6947286053883,11,12,2463.0491015625003
200,11,7,invalid,0,0.0,100.0,100.0,500,0.0,1.0,0.0,0.0,128.76649277641832,136.9652285784081,11,12,2463.0491015625003
200,11,7,valid,6,0.0,100.0,100.0,500,1.0,0.0,0.0,0.0,128.57317977854103,136.77049135589513,11,12,2463.0491015625003
200,11,7,invalid,6,0.0,100.0,100.0,500,0.0,0.0,0.0,1.0,2000.0,2000.0,11,12,2463.0491015625003
200,11,7,valid,7,0.0,100.0,100.0,500,1.0,0.0,0.0,0.0,128.68507072321415,136.95300191145145,11,12,2463.0491015625003
200,11,7,invalid,7,0.0,100.0,100.0,500,0.0,0.0,1.0,0.0,140.52475057450397,145.40661126916112,11,12,2463.0491015625003
200,11,7,valid,0,0.1,100.0,100.0,500,0.994,0.0,0.0,0.006,142.26331700665753,140.5638785004028,9.894,10.894,2215.400710078125
200,11,7,invalid,0,0.1,100.0,100.0,500,0.0,0.994,0.0,0.006,142.8341193696074,141.11413345185915,9.894,10.894,2215.400710078125
200,11,7,valid,6,0.1,100.0,100.0,500,1.0,0.0,0.0,0.0,131.21314683364903,140.3878574215175,9.96,10.96,2230.1790046875003
200,11,7,invalid,6,0.1,100.0,100.0,500,0.0,0.0,0.0,1.0,2000.0,2000.0,9.84,10.84,2203.3093781250004
200,11,7,valid,7,0.1,100.0,100.0,500,0.998,0.0,0.0,0.002,134.8970611552921,140.42705528272373,9.92,10.92,2221.2224625000003
200,11,7,invalid,7,0.1,100.0,100.0,500,0.0,0.0,0.498,0.502,1073.969848418458,2000.0,9.946,10.946,2227.044214921875
200,11,7,valid,0,0.2,100.0,100.0,500,0.96,0.0,0.0,0.04,208.61314273939524,144.58687944563664,8.874,9.874,1987.008884296875
200,11,7,invalid,0,0.2,100.0,100.0,500,0.0,0.952,0.0,0.048,223.4362984039459,145.11782363539092,8.798,9.798,1969.9914541406251
200,11,7,valid,6,0.2,100.0,100.0,500,0.946,0.0,0.0,0.054,234.42852652769773,2000.0,8.884,9.884,1989.2480198437502
200,11,7,invalid,6,0.2,100.0,100.0,500,0.0,0.0,0.0,1.0,2000.0,2000.0,8.822,9.822,1975.3653794531251
200,11,7,valid,7,0.2,100.0,100.0,500,0.964,0.0,0.0,0.036,201.01636572091078,144.7098061858559,8.842,9.842,1979.843650546875
200,11,7,invalid,7,0.2,100.0,100.0,500,0.0,0.0,0.236,0.764,1561.0327166491975,2000.0,8.826,9.826,1976.261033671875
200,11,7,valid,0,0.4,100.0,100.0,500,0.536,0.0,0.0,0.464,1001.7477255541974,2000.0,6.594,7.594,1476.4859796093751
200,11,7,invalid,0,0.4,100.0,100.0,500,0.0,0.504,0.0,0.496,1061.2287666819595,2000.0,6.518,7.518,1459.4685494531252
200,11,7,valid,6,0.4,100.0,100.0,500,0.566,0.0,0.0,0.434,945.9466506218529,2000.0,6.7,7.7,1500.2208164062502
200,11,7,invalid,6,0.4,100.0,100.0,500,0.0,0.0,0.0,1.0,2000.0,2000.0,6.678,7.678,1495.294718203125
200,11,7,valid,7,0.4,100.0,100.0,500,0.522,0.0,0.0,0.478,1027.9273025811644,2000.0,6.564,7.564,1469.76857296875
200,11,7,invalid,7,0.4,100.0,100.0,500,0.0,0.0,0.036,0.964,1933.0437916916721,2000.0,6.604,7.604,1478.72511515625
